state,state_fips,year,employment_rate,dis_type_hearing_18_64_prevalence,dis_type_vision_18_64_prevalence,dis_type_cognitive_18_64_prevalence,dis_type_ambulatory_18_64_prevalence,dis_type_self_care_18_64_prevalence,dis_type_indep_living_18_64_prevalence
Alabama,1,2015,0.04139429834736684,0.02571270657914489,0.028571038661517258,0.0628891057221229,0.08237202669323253,0.026656044870832594,0.05455668217858264
Alaska,2,2015,0.043648909707074704,0.032167305870538794,0.019167364941290236,0.040209679289575764,0.04516724679978735,0.01812596947136053,0.03720582218828693
Arizona,4,2015,0.03586306265865813,0.02118272356674751,0.018805513124255713,0.04370309768806891,0.051396842844095576,0.01710564483524103,0.034813482916398845
Arkansas,5,2015,0.04625257831864921,0.030455563115023846,0.029224449707653196,0.06038878402258065,0.08330420380326513,0.026184747721218177,0.05369609687032329
California,6,2015,0.027907621390298835,0.01498074726530928,0.015707808787154803,0.03526812755402444,0.03936986201985281,0.01611260431776719,0.031113718139375215
Colorado,8,2015,0.03419116635513362,0.020124176115591735,0.01567129273237214,0.03558647925119671,0.03652722513916541,0.012353509708064364,0.02754301409830941
Connecticut,9,2015,0.030240745302667234,0.016335296620607797,0.01398248717891295,0.039890712830045014,0.03809911987996327,0.014334535193604014,0.029808523503460013
Delaware,10,2015,0.03258031618309321,0.014901468768946628,0.018844119842574322,0.04349357435489467,0.047047217189257765,0.018130938070589225,0.033149810227061656
District of Columbia,11,2015,0.03026895802721523,0.010947848122830554,0.02374198769139036,0.04144466449455908,0.05020549841350966,0.012319257224387231,0.026925615962861218
Florida,12,2015,0.03079740080797872,0.017039774237755885,0.018817941361775555,0.04182892709297911,0.0507419512224826,0.01772853559925283,0.035965822021294794
Georgia,13,2015,0.03324609899754062,0.018606527417898835,0.022443495142153914,0.043817026620222695,0.05390877296656539,0.01892598160212509,0.03665696792251493
Hawaii,15,2015,0.030848134205805816,0.01575912444763661,0.012273806215343823,0.030775949499579524,0.03621386403529351,0.013882322085753025,0.025889044888059567
Idaho,16,2015,0.04691107749725804,0.027929993086635376,0.02131291551660507,0.057379886787156734,0.05130028433161279,0.02226311330120958,0.04217464302607846
Illinois,17,2015,0.029305867116696867,0.015292809254719783,0.014866476758345116,0.033989995950281064,0.04221583833391321,0.01595310317409758,0.032085007156430104
Indiana,18,2015,0.042351880493229424,0.024252522309142578,0.02081082494639081,0.050425511248589724,0.06189376788529502,0.020794138230759842,0.042105813701536925
Iowa,19,2015,0.044442277161079076,0.022528910583040084,0.014758666779649635,0.04128887986446307,0.04326661475845361,0.015212197470780313,0.030386023367222896
Kansas,20,2015,0.0458986612407116,0.024260190631527113,0.01841816318351054,0.04619331472994834,0.0528926214242088,0.017750552620298957,0.03648019006310109
Kentucky,21,2015,0.04307824767839938,0.031579359325817985,0.02994347650258763,0.06860942505558237,0.08765596143058679,0.029111557965005003,0.05682279426975108
Louisiana,22,2015,0.04354554127222664,0.024769823569513443,0.02646971342232319,0.05719854607126917,0.06618651425443611,0.024148007760998676,0.046305779519145655
Maine,23,2015,0.041720473318843314,0.030414337767736593,0.01744683249325528,0.06960722573309777,0.06287598291582638,0.022802176933425143,0.05086535799086982
Maryland,24,2015,0.03519137901751505,0.015610686359338662,0.014957265528774723,0.037570226691291425,0.04292597728941354,0.014778330393429951,0.029153321199266606
Massachusetts,25,2015,0.0318787128009487,0.015817949989800014,0.014408203238258983,0.04426054947779071,0.040982229844167765,0.015960957731393572,0.03435166088821438
Michigan,26,2015,0.03858904224399868,0.022245062383883876,0.01880268191505425,0.057754469981918695,0.06274004330226804,0.024059450137927388,0.04914670755062922
Minnesota,27,2015,0.04183121932035707,0.019989741864564183,0.012318942725015635,0.04051785815817903,0.03577583960351004,0.013761715122339518,0.030250542520326745
Mississippi,28,2015,0.04022547784635614,0.027987942337034912,0.03059355684141557,0.05843996937091974,0.08285752628450987,0.029106648066680275,0.054627686387990156
Missouri,29,2015,0.04459877759204118,0.025207494985248165,0.022531142992611948,0.05546532289221603,0.0645907125459998,0.0207837163503131,0.04411863742710308
Montana,30,2015,0.04685181979521742,0.028381266390452325,0.01734293881922413,0.05145125776751726,0.05392974491966757,0.02238565713074667,0.03862848415919912
Nebraska,31,2015,0.04377270568129649,0.023020807625659112,0.01629545890796896,0.03763116995238386,0.03993015473697898,0.014503329945448867,0.027437441342274518
Nevada,32,2015,0.04719157092883114,0.031843960976689706,0.03506879456736965,0.04895534593823455,0.06004685327402501,0.02723657175904224,0.041254149643574
New Hampshire,33,2015,0.04208250739922018,0.02299852431783887,0.014521378365619578,0.05174876065291504,0.047202803439373955,0.017970978647200188,0.039415339722010494
New Jersey,34,2015,0.029303876269961292,0.01244237025586688,0.01388588257200184,0.031250348902833396,0.03651819643076453,0.013769911772152674,0.027256019226662046
New Mexico,35,2015,0.039257949002750724,0.02935110497845824,0.025756326540930973,0.055301523458620494,0.06499388773493892,0.026821385669653888,0.04981067880801453
New York,36,2015,0.029034275470256606,0.014806801896152574,0.015503742440129932,0.03651402822180575,0.04475753936003569,0.01585778086567723,0.031444204377353846
North Carolina,37,2015,0.038476635192232336,0.02210987468704553,0.024404464243260923,0.050741499197426515,0.06189079426082081,0.022852111694618742,0.04399807841446239
North Dakota,38,2015,0.0396983421637327,0.022511109212100495,0.011871902238933515,0.0317467099641087,0.03314177063749786,0.009536831310887027,0.023483165270893863
Ohio,39,2015,0.0423320415114699,0.02226856183080157,0.02081038294903017,0.05305156542380089,0.05966666993135218,0.021222017209434826,0.043866443702840374
Oklahoma,40,2015,0.048260542624268564,0.03267414021106857,0.03144247474005376,0.0542373613836141,0.07221189832061332,0.023205009637242105,0.04686119778386648
Oregon,41,2015,0.04883049444326667,0.028736456797577237,0.020846113107957892,0.06363461223779127,0.05622106665742358,0.020639755853573406,0.04409515971326015
Pennsylvania,42,2015,0.040494275382474236,0.020318113809341377,0.01904771169539226,0.051217493225908725,0.05380220152686334,0.018925599492197555,0.041100484391206026
Rhode Island,44,2015,0.03973615171276516,0.020002998275991304,0.013328835919346376,0.05653998950603403,0.051063638407915446,0.02147515178772206,0.043938235514579115
South Carolina,45,2015,0.036196775679034156,0.021174518150632364,0.0255004327616387,0.05369477694311337,0.06968738715097851,0.025524597980944874,0.04849959514748782
South Dakota,46,2015,0.05234449609085542,0.025204373169755545,0.015266071478104432,0.03927174597891083,0.039438176868483936,0.012733944372456481,0.028289288587199878
Tennessee,47,2015,0.04161717989767161,0.026188510174214173,0.027431456831563925,0.05729877047109247,0.07432910628575526,0.023954541958100276,0.04871190846455884
Texas,48,2015,0.03760815846305585,0.021550016008133922,0.021759775692814808,0.03838097941923703,0.04803142577091637,0.01755899881354303,0.032333008568028745
Utah,49,2015,0.040498578837536894,0.018686181385388766,0.015298830982934672,0.04085130931276725,0.03463301238652888,0.013676270796875035,0.029492250170107117
Vermont,50,2015,0.04970090591485213,0.028909042898927526,0.018214779005524862,0.05817862365940851,0.04721522586935327,0.02010633327916802,0.04148470506987325
Virginia,51,2015,0.0349007803890315,0.01826868923513537,0.01628825165700442,0.03988323873039262,0.04611676633466512,0.016477412082773174,0.03324976637421153
Washington,53,2015,0.040070844277943975,0.02387188212319328,0.01928353498893396,0.04985224634872474,0.04870386456707313,0.01665209887659479,0.03542506679374915
West Virginia,54,2015,0.04283338366333287,0.03963960715557378,0.031482541499713794,0.0728916612956294,0.09145576894473766,0.0303296089133678,0.061164921642951474
Wisconsin,55,2015,0.04095531383990676,0.02053634025815578,0.014564214702396288,0.043004847102329886,0.0463465450502796,0.017708510384971184,0.03312398700538784
Wyoming,56,2015,0.06021276595744681,0.03198208286674132,0.019588465845464725,0.036791713325867864,0.044526875699888016,0.01162094064949608,0.02156494960806271
Puerto Rico,72,2015,0.03674199845756855,0.025889037692032955,0.04778620924760806,0.0822972761693385,0.09123964919008005,0.03583069209080742,0.07064775905174413
Alabama,1,2016,0.03963678969352419,0.025391382449376228,0.026992955338399446,0.062259391826741235,0.07767063733975287,0.023580328344691072,0.051480351038489434
Alaska,2,2016,0.052692132708056276,0.039266466018058374,0.016533824455798977,0.04277052565269126,0.04506281934625884,0.016706621404073634,0.032494575488206064
Arizona,4,2016,0.037271518879926864,0.021881910179588793,0.01917488507035763,0.0447650182784896,0.053493848740078766,0.017220059140297783,0.037294560554387644
Arkansas,5,2016,0.04861804956540936,0.029644680332924424,0.030288202212668335,0.06291891510518254,0.08123112392717904,0.026688803971059154,0.05145330113637657
California,6,2016,0.028724433780039887,0.01534186034556207,0.015882957359590645,0.03551352316861173,0.03887765673722266,0.016320541941812997,0.03130872457949149
Colorado,8,2016,0.03803273649782679,0.020115827416686938,0.01774791706507377,0.038926227618668506,0.03945053618133508,0.012958943317477935,0.028906012129293626
Connecticut,9,2016,0.03369435121857065,0.015257274850119552,0.01373389241799305,0.039375692805287556,0.03796505330034625,0.012612776750063361,0.02922522158494909
Delaware,10,2016,0.03548660242548933,0.014552236194794925,0.018215662810796437,0.04248805100105669,0.052195956584720676,0.020278308455622503,0.0335446714112765
District of Columbia,11,2016,0.03226990913273037,0.01497009778888237,0.01769442767969815,0.039590358699918546,0.04910968645938406,0.013824233241467213,0.028021980340931632
Florida,12,2016,0.03334201724456695,0.01794405847452516,0.021040935660951103,0.04428036740689183,0.0517425165941799,0.01860515623295556,0.03747379584470728
Georgia,13,2016,0.03764656495801586,0.020946160019184746,0.023595679230904245,0.04595300659961023,0.05780487094613615,0.01833037642745831,0.038780368224292226
Hawaii,15,2016,0.031661330914726074,0.017123258873065164,0.013325965390691166,0.03188957696396716,0.03804140863851232,0.012313273709058365,0.028715755584520112
Idaho,16,2016,0.05138474132722201,0.029647015858588862,0.022923606102976703,0.055382472150783284,0.048991437244243194,0.01990761210213756,0.03901711422718231
Illinois,17,2016,0.030760780805854586,0.015509561786556167,0.015568224219729455,0.03474653204292874,0.042903904472725456,0.015766257444459156,0.03214131184658063
Indiana,18,2016,0.04380411073626443,0.023896579947953286,0.02120357838015781,0.05318265978738226,0.060066773051301654,0.021136140945238056,0.04324163257537819
Iowa,19,2016,0.04288384469964617,0.020229788209822394,0.014939166651112811,0.040627024778624204,0.04043931196855811,0.014213379337192467,0.03084942712930053
Kansas,20,2016,0.049035348724069526,0.02375824389414994,0.01886646419067117,0.046058730453394536,0.05117630251054328,0.017231215443731438,0.03678727741558538
Kentucky,21,2016,0.0499905376093634,0.03265887204570913,0.03272046157056274,0.07463045351913214,0.08821374327321076,0.02836664206818371,0.05877619001226938
Louisiana,22,2016,0.042897404600706845,0.025447884548877926,0.03087225518119998,0.058816489944256846,0.06790115322190876,0.025746349590892757,0.047003257827851204
Maine,23,2016,0.044722747748301844,0.026744835424913464,0.01906655087324803,0.06296021118357767,0.06027244256047787,0.0194897052926285,0.05188685047641775
Maryland,24,2016,0.03694939445413817,0.015160813441790806,0.015609256465882057,0.03868002448300081,0.044155382149227006,0.014920067516334987,0.030295026608335936
Massachusetts,25,2016,0.0348340764288499,0.01637823831561111,0.014847497006730175,0.04566233696564526,0.03834622593649227,0.01506022842729973,0.033693419800948136
Michigan,26,2016,0.04197192498145924,0.022261784645972966,0.01909789092454942,0.05704646263413791,0.06309766516789331,0.024123286898093642,0.04837925533968951
Minnesota,27,2016,0.04297821110157883,0.02022535418216979,0.011995269671389095,0.0423756629806758,0.036481118973926314,0.015406154167002403,0.03238207357130331
Mississippi,28,2016,0.043065619056244904,0.025723439905805633,0.030113327597137942,0.060599696585454214,0.07887702653745132,0.026902567702200886,0.056952495244995925
Missouri,29,2016,0.04495898634995212,0.02546799030103685,0.02248838954837629,0.05659544275744873,0.06559829890391206,0.02026238005635647,0.044979790176980346
Montana,30,2016,0.053863994984148164,0.032374164494796374,0.016973629706994953,0.052477866264366985,0.051829931676748334,0.019886111796116584,0.043508324025317804
Nebraska,31,2016,0.047113822251634796,0.026983780574328653,0.016464170504978393,0.041557142617320686,0.04036345933127229,0.011978359962219173,0.030297113159585116
Nevada,32,2016,0.04657461465007788,0.030542807759515084,0.030066753617704525,0.045776540297452914,0.05801721496607068,0.02548312798266337,0.040936749538037734
New Hampshire,33,2016,0.04379101869981969,0.024209300690383375,0.015877745057496194,0.044363060854559475,0.046176911186880214,0.015983811207020863,0.03623052822134218
New Jersey,34,2016,0.028881746555185446,0.012606070171196406,0.014393724946227373,0.03252058418320991,0.038197388072938196,0.014256895239846547,0.029744352878744988
New Mexico,35,2016,0.04020813468463598,0.028824949948719966,0.026008643880637117,0.05828147987954926,0.0639034428071969,0.024731558028356384,0.04608895529626098
New York,36,2016,0.02963708885553744,0.014414488089249835,0.01642444658596992,0.037654905401217055,0.04408480473150779,0.01658687562105516,0.03258557102717654
North Carolina,37,2016,0.04059984094336678,0.022678602321601304,0.024356483642937733,0.0486034977472407,0.05968321600653168,0.021297852605130667,0.04195159426418714
North Dakota,38,2016,0.05024425188151626,0.02242068286957122,0.01805565145342816,0.03999948215148795,0.036801767589587794,0.014150210591728232,0.02758837947938963
Ohio,39,2016,0.043449231196245934,0.022437180709988992,0.020625632453187423,0.054408998410727605,0.06007803022552736,0.0207352030532724,0.04346205480353806
Oklahoma,40,2016,0.05333849014709006,0.033208355419575286,0.03144116829457378,0.05909242380030699,0.0737500625896759,0.02419716870205415,0.047013911310860905
Oregon,41,2016,0.04739384470678262,0.02615122794990953,0.02101544004527592,0.054638789028560494,0.05241126158800507,0.019141830008050822,0.04132344383952556
Pennsylvania,42,2016,0.041602690535649724,0.020315911497433878,0.019137129572090066,0.05377404492546089,0.05698732571409456,0.020810222800334,0.04342966099405205
Rhode Island,44,2016,0.03460530507486371,0.017951060594221278,0.01855513947910969,0.060068281951565494,0.05744910409992246,0.026166232891945015,0.04910019294459905
South Carolina,45,2016,0.043966044441733965,0.023973193336958604,0.029003508379623278,0.05222555950269439,0.06801377602274095,0.024077208068426108,0.04539412943566079
South Dakota,46,2016,0.05213311442033276,0.028624393219506494,0.016828441789673194,0.03747135679188147,0.043521832214672054,0.013966596622428547,0.030854453882701978
Tennessee,47,2016,0.04327244617001503,0.02646004489296044,0.027573807228287776,0.0595507974146221,0.0716763636950207,0.024700558494237,0.05151498231207432
Texas,48,2016,0.038244210079112995,0.020667502855487657,0.022318547332583587,0.03903132074712226,0.047091873055636876,0.017390586244276335,0.03267690710034023
Utah,49,2016,0.04177310099919769,0.019075490715350456,0.01676019478879629,0.04254635620246771,0.03435230937359624,0.012310625107551753,0.028323824082206413
Vermont,50,2016,0.05265212010414366,0.027833267430455347,0.018425417627393685,0.06339257745299927,0.05170722689248245,0.019395987285023956,0.04420456938032465
Virginia,51,2016,0.037715562578009225,0.019016721438688836,0.018290972666968965,0.0400570080919235,0.046148934711437925,0.016493351782856592,0.03444073324389054
Washington,53,2016,0.04308740924145242,0.022945548428867712,0.019085086249524194,0.04906875771514356,0.04896448099095349,0.0174931430827846,0.038731354699167206
West Virginia,54,2016,0.04890035585884388,0.03836752045913487,0.03824291489073191,0.07767782863802448,0.09837884490638091,0.030164625945078263,0.06322724757294007
Wisconsin,55,2016,0.04080206261543589,0.02045440222022996,0.015897434732767866,0.0430186588116796,0.04273959707232156,0.01753376419935966,0.034776259482563326
Wyoming,56,2016,0.05274978026869999,0.033402011254808406,0.021505130868537902,0.043846382138413596,0.04786717956327691,0.017141895054048194,0.03550800735101076
Puerto Rico,72,2016,0.03846944079099878,0.02277586497190168,0.048862036402146355,0.07546600750101876,0.08634907310931136,0.03233636969237039,0.06474545583207869
Alabama,1,2017,0.03839074811413117,0.02367183877736279,0.027192218634333864,0.06114522517854628,0.07895890240086959,0.02574986695342359,0.05271625765767433
Alaska,2,2017,0.05294057495487325,0.03493210979806333,0.025346564586834548,0.04745867456273731,0.051264438338624055,0.01957789811579125,0.03561456860600564
Arizona,4,2017,0.038198506826105504,0.020753688914279454,0.01960695601475957,0.043897933190641836,0.049764392732907343,0.016756386879164826,0.03706620285409077
Arkansas,5,2017,0.04988380115472602,0.03120063818584553,0.03319042993572752,0.07098172137695631,0.0831241602817822,0.02980489033733977,0.056585660336250405
California,6,2017,0.029337705971728564,0.015153358408128892,0.015608873198799455,0.034213621189297355,0.03680765248584297,0.015013487759203895,0.030231820962967133
Colorado,8,2017,0.040538495276836575,0.020650482473068228,0.017021527394119,0.039229565169126644,0.03737531904277298,0.012721370122232614,0.02807490570696388
Connecticut,9,2017,0.034337692178220636,0.014582779622103085,0.014775911090935592,0.03968716311983131,0.03644769859939073,0.013953297381399003,0.02876711277930172
Delaware,10,2017,0.03409146320225698,0.016556372122183135,0.01847201421058131,0.041259447598481415,0.04424610776357494,0.016455365539340322,0.03467834627842987
District of Columbia,11,2017,0.04968281333690412,0.016568609400107123,0.03655597214783075,0.03612496652383503,0.051385913229780394,0.015727520755222282,0.027176369175147295
Florida,12,2017,0.03473355381161286,0.018189255480239568,0.020276244217631235,0.04414246560601234,0.0509290077821059,0.019310581442112052,0.036652643474499556
Georgia,13,2017,0.035847122745191674,0.01958752410964584,0.021513464436955027,0.04287529489191674,0.0513663259935565,0.017217063416036772,0.03600111617711227
Hawaii,15,2017,0.03122509546230156,0.015423089898352817,0.015434090675741086,0.029658095838772606,0.03012135079767859,0.011255017576797649,0.02445717275131887
Idaho,16,2017,0.055280845973607086,0.03143024148397501,0.02574199253706567,0.060962052518212156,0.05305947107534465,0.02262824466110451,0.04653720048411485
Illinois,17,2017,0.03357342996326425,0.016303624794772688,0.016733703766191994,0.03560340270836339,0.041816801395010525,0.01601932666581373,0.03245739096128193
Indiana,18,2017,0.045964254983016144,0.022912686042617852,0.022147957411571863,0.05246881181317482,0.05807923206983142,0.01926009076508519,0.042355045027231766
Iowa,19,2017,0.04149646901588796,0.01876697639836952,0.013536284190980045,0.0407780494535261,0.039774610540271794,0.014142083747652193,0.03153413533722219
Kansas,20,2017,0.05189412477568808,0.026166421962758396,0.020363443566617727,0.0468788599128388,0.05287876669230231,0.017947283786618192,0.03623482253140367
Kentucky,21,2017,0.048609482428746006,0.03497455889047362,0.03221705158431363,0.07055994380250981,0.0865038869556663,0.028848344205138793,0.05828245298453783
Louisiana,22,2017,0.04385653529689126,0.025607257671578065,0.02983444098047774,0.05439607402807851,0.061997496935515525,0.020768071163960733,0.043050063792039024
Maine,23,2017,0.048778133974074246,0.025558287172850337,0.01858874504937326,0.07411989889029251,0.060594062835996144,0.022827632199210374,0.052887107769932114
Maryland,24,2017,0.03798972320013411,0.015163755870706943,0.01504486225612416,0.03878556063828733,0.04198096041940526,0.015173663671922175,0.031063366815453276
Massachusetts,25,2017,0.03442229649602632,0.016612226560100703,0.014180422771768625,0.04431330356093278,0.03675656128083434,0.015066555416991893,0.03425712431553039
Michigan,26,2017,0.0406650680069069,0.021434571947782692,0.019342318554374637,0.05456425730207501,0.05949501820047379,0.02211607802666496,0.044521705291400836
Minnesota,27,2017,0.04292116189417904,0.01948254336540654,0.013314966507842332,0.0432941152903233,0.0346770064509743,0.01570558010161065,0.03349304144378332
Mississippi,28,2017,0.04164369815017399,0.025405028099811076,0.03502648988162183,0.06325145448308465,0.08199660833943456,0.029451469160180016,0.05779419185239165
Missouri,29,2017,0.04727384381683269,0.025587194685928565,0.020635985118931655,0.05678744317935485,0.06275529159836482,0.020301495844814537,0.046024791170580746
Montana,30,2017,0.05130631484581597,0.028508863533396097,0.016811312933978965,0.047662578441547594,0.04671629945472481,0.014157233330869903,0.03587827221345741
Nebraska,31,2017,0.048769471337557185,0.021941023374409653,0.016924171400598008,0.04192390726307745,0.04302007797339607,0.013678801731333401,0.029926781079301128
Nevada,32,2017,0.0405388963607725,0.02312593649739288,0.023633439985794286,0.03992397312752587,0.04830819382468002,0.01592936165268566,0.033764875716451336
New Hampshire,33,2017,0.04294623891487193,0.021798767419486966,0.013591486240629435,0.04706476286636884,0.039946943790899477,0.013711743806140042,0.03601654553594391
New Jersey,34,2017,0.02913367798701307,0.012174504838800037,0.014426420750699885,0.033096012392112586,0.03640948661685347,0.014763820838931898,0.030186769773347482
New Mexico,35,2017,0.046700222339099075,0.03078257792108846,0.029634017062928356,0.06102446385474064,0.06514437295294832,0.024480239346319772,0.04503308871117053
New York,36,2017,0.03056474991494803,0.014177102638732304,0.016351513295933588,0.03700385746370753,0.04258365379388242,0.016120675234399032,0.032867807220698445
North Carolina,37,2017,0.0376579633312101,0.0211177287788988,0.02139037000778305,0.047070554084273956,0.05699964310842696,0.020054816087643645,0.04003330556791281
North Dakota,38,2017,0.045820980118590864,0.02111091733519358,0.01569584931984653,0.03329264039065225,0.03764823857690966,0.012462940355772584,0.02360045343564702
Ohio,39,2017,0.044131701487194086,0.02207575548986595,0.020079699716595994,0.05441539337234236,0.05667951860937932,0.019751631717876344,0.043376945570070165
Oklahoma,40,2017,0.05530589044485945,0.03331884317385634,0.03294308141114795,0.06055051915366489,0.07590430947166682,0.024720963302334795,0.04813911246545224
Oregon,41,2017,0.04303750599020567,0.02628190401302332,0.018335358358379697,0.05341171325013757,0.049441400985749034,0.017488637359462076,0.038252446806578924
Pennsylvania,42,2017,0.042555151933739085,0.021055353830679895,0.01948947496858628,0.05273491312366249,0.05324117179977863,0.01996631050471912,0.04230970100282578
Rhode Island,44,2017,0.046130932313229435,0.02157831410149794,0.016720533786446463,0.05833082353011689,0.048372523723259356,0.02031816812834609,0.04231453303425469
South Carolina,45,2017,0.0411945061466837,0.020995312195437803,0.026160854802189947,0.05115856508157612,0.06661694701905216,0.02161496259452017,0.0444658710852068
South Dakota,46,2017,0.05042862045911292,0.02385831817307101,0.016819459626750043,0.04028893443029487,0.03664451978835811,0.011197101926560184,0.03036549292840719
Tennessee,47,2017,0.04403583486801719,0.02725637877571579,0.0273628720624577,0.05718295989359525,0.06631506666037053,0.02243147046323842,0.046312774472304856
Texas,48,2017,0.037868124251595865,0.019646481499771204,0.020670009075815492,0.03795823956062066,0.045574677948807256,0.01691976289505073,0.03220582056066683
Utah,49,2017,0.04100558414060186,0.018604293973735888,0.014059637305131047,0.03707858388827331,0.031398448727934965,0.011108490307292294,0.026561968601551272
Vermont,50,2017,0.0575525787872905,0.027176600012942472,0.015362712741862421,0.057824370672361354,0.0468595094803598,0.01639293341098816,0.035633210379861516
Virginia,51,2017,0.039648949745646304,0.018016598698500103,0.019872554102731813,0.04024901738680935,0.04452175541444976,0.01659092811951156,0.03349849924811855
Washington,53,2017,0.04278453709925983,0.0228565484167035,0.017149105037939157,0.04785552789791125,0.04541374465434699,0.016124416383957358,0.03627691920080869
West Virginia,54,2017,0.045846989086890194,0.04290787643053434,0.03831003817864475,0.07590719709853483,0.09143025944145677,0.030306221246038396,0.06126381844223302
Wisconsin,55,2017,0.04045712556935262,0.02081870766375134,0.013998845016382171,0.043990886377420324,0.04247848906987992,0.016766028809761233,0.03381980833868601
Wyoming,56,2017,0.05554827072752121,0.038609588582051935,0.019089163381209223,0.05322295361895687,0.05268096241320128,0.015126216930523137,0.03633089437290744
Puerto Rico,72,2017,0.0408983030853176,0.02621450265224146,0.04996670952107697,0.07460766220860834,0.0848187418398338,0.03591172924543581,0.06420963604409138
Alabama,1,2018,0.04176890501951089,0.026201075899050463,0.028618378785453032,0.05919677931151531,0.07688953997722871,0.02538271099350599,0.05121926751187522
Alaska,2,2018,0.04951814154803368,0.02980872191976916,0.02797146045379231,0.045588881750245155,0.044829179769835095,0.01689153394425095,0.03588633776304963
Arizona,4,2018,0.041554122705210174,0.021450709514631055,0.02114003432745404,0.045826744250893434,0.049878685887041085,0.017634526784006788,0.03877743330117279
Arkansas,5,2018,0.04880023720254902,0.03129410060511547,0.03342620748659229,0.0666198523595203,0.0813103403788677,0.027409003511638882,0.056629279350137444
California,6,2018,0.028570129185475836,0.01425577888063727,0.014972626220705365,0.03423344750546303,0.03428773620017885,0.014860826587184645,0.029934239708448093
Colorado,8,2018,0.04147266826068083,0.0211872067811698,0.01659160584281313,0.03787076413112736,0.03650333803715123,0.013472588155686877,0.027535245492190188
Connecticut,9,2018,0.03196757950586331,0.01485787584403714,0.015823335072161365,0.03844312075022691,0.0370006217903374,0.013889685472410443,0.02929925230394714
Delaware,10,2018,0.03930910424562078,0.013299219336698162,0.013672959709390663,0.05218044324909621,0.05215773939468031,0.020824673850399066,0.04170698056200772
District of Columbia,11,2018,0.03476395294605379,0.010167383531118826,0.02435611753122247,0.042186868425143804,0.042249054257138416,0.011574856195263512,0.028835570295900916
Florida,12,2018,0.035116331056239555,0.01827957049532977,0.019067933889606217,0.04320220187501216,0.04789361683552711,0.017197022528547237,0.036160113617878346
Georgia,13,2018,0.03727306147312813,0.018768459039967645,0.02213103140939061,0.043607492466589605,0.049691485935553455,0.01812683966256313,0.03723405251292601
Hawaii,15,2018,0.03526494798039723,0.018723097841888615,0.013158008692822668,0.03580314579716994,0.03366396413004344,0.012785600548343155,0.02810753563550027
Idaho,16,2018,0.048764089030150254,0.03096259388989829,0.023506609631952585,0.056010087218157784,0.0485126972562806,0.01964306311510884,0.040139872411280884
Illinois,17,2018,0.03306979401757491,0.015608543107178234,0.016705963610332372,0.03691262799011769,0.040807860741512075,0.015641292343960483,0.03205533824760247
Indiana,18,2018,0.04437423024129218,0.022638723506783344,0.021784093567776015,0.050996989360480166,0.057121920311115196,0.020063123017127732,0.04188284692929968
Iowa,19,2018,0.043541099076350585,0.01940489026170424,0.015373436022970125,0.044086628840411646,0.03921651636910822,0.013773286832904984,0.032796091906224616
Kansas,20,2018,0.05141568517452534,0.02703536768111758,0.020432291828313,0.04960036634305193,0.05108307191766182,0.01783228679226721,0.03740376614242991
Kentucky,21,2018,0.04781710537046473,0.0321330798450639,0.030863768011845413,0.06868125496146425,0.08075561650846096,0.02705919938707913,0.058313524886068696
Louisiana,22,2018,0.044163793381297674,0.02481243823236184,0.033066713213829285,0.0578929127961361,0.063182703286826,0.023911794092542182,0.04730681328057183
Maine,23,2018,0.052514728789676106,0.026760706387552284,0.019910797645374827,0.07014222352099178,0.05385202116884307,0.019665627375860882,0.05388916817937549
Maryland,24,2018,0.04038633345014515,0.016554289373153185,0.015589780696631061,0.041461975590656786,0.04040580208617251,0.013118075114324158,0.03166276212355229
Massachusetts,25,2018,0.03363997159477722,0.014331663525557595,0.01437017286567713,0.043191663277997554,0.036719801915289535,0.015349181149311256,0.03290737724345559
Michigan,26,2018,0.042889341619179594,0.02090665855279912,0.019649064204284254,0.05585504840208624,0.05727602252921158,0.022101083796628555,0.04519749440242358
Minnesota,27,2018,0.04295038703064434,0.018969803362512812,0.013275386736100474,0.04137133734698446,0.0329933315267976,0.013813223841558963,0.030511799427406717
Mississippi,28,2018,0.042665338586392265,0.024979001820032206,0.03445866862991577,0.06352505023038166,0.08001759630386446,0.02702354645298858,0.0567321247650882
Missouri,29,2018,0.04443087728005683,0.024806864643560883,0.021279889930278562,0.055780170210569836,0.060226771736546406,0.021667780284409004,0.04632695560700585
Montana,30,2018,0.05091814473601834,0.026378100012681777,0.017677436546960305,0.04705261011877529,0.04568490434888697,0.017608409143080966,0.03532758319006134
Nebraska,31,2018,0.047286348785420464,0.02062678193285386,0.017922916471980126,0.040921200879483595,0.038874126996161516,0.01188924995283443,0.027409807970011513
Nevada,32,2018,0.0425243469960623,0.02231835151430814,0.020952332288932906,0.038262671418289984,0.04799875193786651,0.016315042192762544,0.03328618673531733
New Hampshire,33,2018,0.04704865632769031,0.021393394104415767,0.015998579377293713,0.05074345921628981,0.043980111282111996,0.016169054102048063,0.03806085000591926
New Jersey,34,2018,0.028688685363751385,0.011828936229808648,0.01395993754195552,0.03351748850909099,0.035463894696822214,0.016064175310741235,0.030334459968521674
New Mexico,35,2018,0.043509380191609374,0.029374248960857316,0.027186796157306174,0.05534624956497186,0.06179779892178686,0.021940192660008274,0.046030080964482
New York,36,2018,0.029740125405985782,0.013756999872135656,0.015618246365655918,0.03709533428694358,0.04276217322560192,0.016229291190476405,0.03395668094498923
North Carolina,37,2018,0.038402190949897656,0.021596084952505597,0.022293254900779467,0.04495199926421411,0.05453708460223819,0.019915410259918928,0.03915303865792141
North Dakota,38,2018,0.04704677884877199,0.019720089310025595,0.015927680662201165,0.0369373196100855,0.029491913086097044,0.010307683929641126,0.023717257528726242
Ohio,39,2018,0.04617947121737739,0.022424940650447953,0.020959963919699624,0.05522082546254662,0.0556709723386744,0.019475278981811183,0.04225125422030548
Oklahoma,40,2018,0.05600692357788722,0.03094971127188658,0.029428674747064808,0.0573653635528777,0.07106726640946061,0.022426183334330593,0.0473585214900608
Oregon,41,2018,0.04787787427316611,0.027596862530579042,0.01904511493566009,0.05587750436619536,0.04812199719983558,0.01779863816240875,0.04251461504792529
Pennsylvania,42,2018,0.043202269331666834,0.02105659984886857,0.020191231705594833,0.053417322328170994,0.05142410962592053,0.019431295047482425,0.04371684760118732
Rhode Island,44,2018,0.04602821980823337,0.022237861299174367,0.021126345787039064,0.06541178176238638,0.050049912483255535,0.02238586200595325,0.045813769804533354
South Carolina,45,2018,0.0406892681938724,0.02116851760506344,0.026426138361206896,0.048768448820602606,0.06174236893283969,0.02055185227439412,0.04211019283929814
South Dakota,46,2018,0.05677865183699089,0.021636387456565907,0.023476409200499797,0.04082853773999965,0.04456919830976111,0.015324389380669408,0.033552532523019825
Tennessee,47,2018,0.04526263080119443,0.025936314341577366,0.02631878578783119,0.059489001497319394,0.06888158933781265,0.021346412126450644,0.05007168278866249
Texas,48,2018,0.03803885562423799,0.020416389354440206,0.021923506810634485,0.03825241968134374,0.04332495533206529,0.01734378910967492,0.0323578671508144
Utah,49,2018,0.03881950752045276,0.01728394663379813,0.012439171424591926,0.0394739743236056,0.033380495813724875,0.010496744067987108,0.027821561266320665
Vermont,50,2018,0.048821045016537376,0.02667839419591393,0.01783590653714339,0.054501783850879955,0.04898238528576745,0.016966750893226572,0.03667888862577125
Virginia,51,2018,0.03788503794221674,0.017440505849546633,0.017776382666966954,0.039588149285673446,0.04364920535084638,0.015990031440559528,0.034274410776375275
Washington,53,2018,0.04222864906647588,0.022608702798777247,0.0178021230790659,0.045308458966074945,0.04435834626320004,0.016479578308275993,0.03548118352941889
West Virginia,54,2018,0.04689268566686519,0.03615344302151518,0.03702187836071774,0.06870236189949296,0.08620373323698688,0.027567882382053214,0.05565607326094177
Wisconsin,55,2018,0.038501358041684225,0.01873986384531405,0.014275467449318157,0.041383011070939335,0.039399879798136105,0.017136887353071176,0.03211509969658861
Wyoming,56,2018,0.05075781171948919,0.03040062058873655,0.017506949300956153,0.04049694113222184,0.040426419684886666,0.012397082762795235,0.02968952932810691
Puerto Rico,72,2018,0.03958687529640809,0.02099543252336332,0.0497825345054082,0.07842263365699928,0.08370330777146306,0.03338522585192815,0.06593310695936333
Alabama,1,2019,0.0456865291621163,0.02731975645514743,0.027899723551313486,0.05815719932373908,0.06994423843673382,0.022220592069259918,0.04785830618612053
Alaska,2,2019,0.046179360195807075,0.03482666727665756,0.01724291743392083,0.04369059737170176,0.042928871249985706,0.015643978818066406,0.029986389578305673
Arizona,4,2019,0.042070013308018024,0.02005769169899975,0.020613019181592324,0.047110005862708686,0.04772178730886554,0.016406608373421946,0.037564561839293756
Arkansas,5,2019,0.05161776584489016,0.03110388059022287,0.03130411039943572,0.06854230423554307,0.07970227192573294,0.02738768359139467,0.05557002923810282
California,6,2019,0.029840899423305988,0.01463167819257617,0.014594558921961225,0.03434045228990421,0.03416506886321967,0.014870184887190436,0.029790655106727747
Colorado,8,2019,0.03981964920060508,0.019696337999693385,0.015479942731416544,0.03803915140402695,0.032436280044155004,0.011089295483047991,0.028672269724193185
Connecticut,9,2019,0.039308750599022835,0.01516101550206835,0.014689600596360512,0.046872504071519196,0.0387065146143211,0.014876422277590395,0.03410253067639547
Delaware,10,2019,0.04613591438652671,0.02083204756774295,0.01844801774621015,0.059341535195298244,0.04984244595817015,0.019826946237658856,0.0401123597486894
District of Columbia,11,2019,0.02922244363047055,0.011530224982016321,0.016571856163647338,0.04329725573203906,0.039421463003232925,0.012631983661724945,0.03609551606955343
Florida,12,2019,0.03646931861876276,0.018527460330139148,0.019217965413499086,0.04388976961069218,0.04887602227494559,0.017912114438344555,0.037840733995070035
Georgia,13,2019,0.0382030416537514,0.018725888912540938,0.021353911862499426,0.046749990352452905,0.052119628339140536,0.017292605746452503,0.037570193685400335
Hawaii,15,2019,0.030295769941299976,0.01783194517127671,0.013467588885456138,0.03294641337175211,0.0359047432898495,0.01385471901540324,0.029580777160583344
Idaho,16,2019,0.052698399786173314,0.02647073634627527,0.021442710330695364,0.05429435257386124,0.050271544394215835,0.01597211731027724,0.03721533354251161
Illinois,17,2019,0.03550257030360534,0.016605686762618085,0.01710646781994439,0.0393931739409858,0.04187330057336443,0.015500953874868145,0.03450230756896654
Indiana,18,2019,0.045724072056475086,0.02269425747105851,0.020699073175827948,0.053018521558736174,0.05474008626479411,0.020620967220373217,0.043118964822470636
Iowa,19,2019,0.04298966861189811,0.01863530646129667,0.01367735818327531,0.045947022409130706,0.03847301213095562,0.015366737133602839,0.03331188687449844
Kansas,20,2019,0.05375176816969704,0.029164242662280328,0.022200828640362404,0.05345350488886001,0.04965995032882788,0.017106728051809218,0.039674331934547453
Kentucky,21,2019,0.05439304058453302,0.033195730545708846,0.03530121898285466,0.07424634968289566,0.08211970086088403,0.02792711121560684,0.05997213279799368
Louisiana,22,2019,0.048200397041724505,0.024264473985571564,0.03486810765640744,0.05893867073708828,0.062198935026675554,0.023488830366008663,0.04805039049265809
Maine,23,2019,0.05287655837406945,0.027687713522733488,0.015241855677280435,0.06917887921388824,0.05460463173389162,0.01967890159181664,0.05336762958063762
Maryland,24,2019,0.0373185738411399,0.014519529920431845,0.014086456014589126,0.039681042291719454,0.03895082477063123,0.013481566221431531,0.030514447215005833
Massachusetts,25,2019,0.03587238402899558,0.013319243387437065,0.011835277736639812,0.043631312159660214,0.03506269656835538,0.014756380960026353,0.0320435542649768
Michigan,26,2019,0.044747045134377564,0.02186265305080028,0.019528342901010107,0.05770487897442092,0.05599615728957808,0.02193752401070089,0.04714923828781096
Minnesota,27,2019,0.04212477883731278,0.017183116213246273,0.011757179598856032,0.0445146342125546,0.03135847889644688,0.015019882510826496,0.033713219715613404
Mississippi,28,2019,0.046149748282486316,0.02486906768814241,0.0343687229170174,0.06085902204920887,0.07729042181997643,0.025164832884016226,0.05694546620205202
Missouri,29,2019,0.04740516611954945,0.02478428598930994,0.023084408081966504,0.057636106596556345,0.061356448588195216,0.02267981951328739,0.049123772428982866
Montana,30,2019,0.048533388807988354,0.027448752620377333,0.01699604743083004,0.04814293258229185,0.04621145444944072,0.015888687971067832,0.03964890944295978
Nebraska,31,2019,0.05094535257360982,0.024163093130930867,0.015026116399717718,0.04506506742272441,0.04228386343854566,0.013353498021458039,0.02992384229395759
Nevada,32,2019,0.038509512457647437,0.020307185768464426,0.017239414144868067,0.038433705272416616,0.04511817856301835,0.015034554097835355,0.03247827129509855
New Hampshire,33,2019,0.04754362865511309,0.02028306535007996,0.016482661920812464,0.05220479199885074,0.03845162944819947,0.01269413104208938,0.03733917146218771
New Jersey,34,2019,0.03051544126784985,0.011704117079637115,0.014888499458512595,0.03415161795252664,0.033030176826706274,0.013242769811633399,0.028682188319258606
New Mexico,35,2019,0.04842398534545968,0.03115656885151391,0.030422522200787328,0.061185675038372495,0.0666621579157034,0.025459871978965026,0.04812541805606302
New York,36,2019,0.031481595685103204,0.014226925436023255,0.015622833217771614,0.039590861512614005,0.04336056256333671,0.01714224758653795,0.03445008733799136
North Carolina,37,2019,0.03871944645371672,0.019126414068494472,0.01970992584750149,0.048743618238055605,0.05429685397331071,0.01931529097076039,0.03982451966183072
North Dakota,38,2019,0.05176085572897511,0.024806802490370407,0.018098570922040483,0.03792815629342677,0.033849481026011465,0.012947371434737892,0.029539563370324776
Ohio,39,2019,0.04659612108833797,0.02119179340591043,0.01970387729046329,0.05514873350663422,0.054242583840723106,0.0185182501785112,0.0428520128186606
Oklahoma,40,2019,0.055779085412985145,0.03341409903731792,0.0315571818581664,0.05725429572045871,0.06588607611408524,0.0210433263324823,0.04701761143454985
Oregon,41,2019,0.05201061415557179,0.02452577234490607,0.018926073728713105,0.060595984131188024,0.04774531347006446,0.01669660031711022,0.04362162874788408
Pennsylvania,42,2019,0.04398513070557865,0.02040591716764303,0.019461343842576508,0.05519519898249804,0.05077065302721063,0.01971579766573541,0.043213152534034995
Rhode Island,44,2019,0.04000291040500105,0.02044407929640959,0.014253405325434818,0.05435029755859464,0.045044580734937896,0.0177686288657606,0.04685600468090138
South Carolina,45,2019,0.040775577994521126,0.021100604793351244,0.02603489803210566,0.04821274962613978,0.058046596879425115,0.020587125974352527,0.04407679684501674
South Dakota,46,2019,0.05805406752211287,0.029513487218732017,0.02129321476524666,0.05175587946237006,0.04192398274869933,0.016667952011168656,0.031617497295832915
Tennessee,47,2019,0.04738742553411528,0.02836094075315669,0.026411119978613926,0.05770362138841679,0.0643335974071335,0.020435068090063475,0.04539833516428838
Texas,48,2019,0.03951510337729788,0.018927597694200278,0.020898062467864926,0.04003189687706455,0.04252407644835656,0.017440679047545746,0.032930120717719794
Utah,49,2019,0.042026802124181625,0.01681114433085738,0.01105444697592086,0.04074047802556133,0.028066215518044533,0.01074848181995274,0.02790105785599946
Vermont,50,2019,0.04747016463323852,0.02474069546638248,0.02037084923377502,0.0581401119495574,0.051257538833645463,0.019702181788737654,0.04111782390538356
Virginia,51,2019,0.04185886106804302,0.020251022643231115,0.018506349815792328,0.03980995981722847,0.04261523115596054,0.016412117162136947,0.03599704173517668
Washington,53,2019,0.04270423126703935,0.021142781166524384,0.015197295045851348,0.048205446396607274,0.04346110552694627,0.01672072501583455,0.036830603020956684
West Virginia,54,2019,0.05517551892843692,0.04031457855764947,0.03383335022148976,0.07397394890344881,0.0909207359157555,0.02906897824104434,0.05948677848538091
Wisconsin,55,2019,0.041242988769156164,0.019262234696169268,0.012582092733496697,0.04311865842127323,0.0406519067829948,0.01666158839694045,0.032262605195284504
Wyoming,56,2019,0.06030202639117108,0.028612560734209105,0.018001221321800594,0.045386560150098676,0.04975558813724825,0.013579092386799104,0.035353431058744396
Puerto Rico,72,2019,0.03769478568115978,0.022273624360246148,0.04822615831581224,0.07308167428860203,0.07610133326678438,0.028433562303342628,0.05931851787151476
Alabama,1,2021,0.04641038087635571,0.025837480241006735,0.02846068738253512,0.06117239664856526,0.06906825687246296,0.02013726928778816,0.049872556806159526
Alaska,2,2021,0.05709390073585503,0.03922682408722288,0.01886464727076414,0.051303296677503024,0.042677244827302924,0.01566068515497553,0.03645944582017909
Arizona,4,2021,0.04903447356845597,0.022361297337328695,0.022169548210282518,0.04859083259923843,0.04476056713401094,0.01520148399201399,0.036850267045447846
Arkansas,5,2021,0.05334697199549492,0.027214469855697882,0.030462644851622752,0.06948674972922408,0.07142350033878937,0.025253296877742193,0.0562231318450077
California,6,2021,0.0341359861921779,0.015238194312932746,0.01803102542373796,0.03968412174349242,0.033728547841564725,0.015158865256588192,0.03244155739998956
Colorado,8,2021,0.0465523881295871,0.02171883268547174,0.017848009730391683,0.04403057648137733,0.03192410737786447,0.011649595074958925,0.029874131066602756
Connecticut,9,2021,0.04116658654479661,0.017296327631503617,0.018095122986313245,0.043966005305309766,0.03645514795889157,0.01507260495434871,0.03452540741743736
Delaware,10,2021,0.04863768763479202,0.02118694311024806,0.021370818762190356,0.04862393992249727,0.05276887517936468,0.023082408942886847,0.04346167395581829
District of Columbia,11,2021,0.03956848100788352,0.015303303623135346,0.022179472671721174,0.04271922642543495,0.04488702802610237,0.014520054938349675,0.025075052087146957
Florida,12,2021,0.04012577333282727,0.018411647119849193,0.020334857858579726,0.04533098328715477,0.04618378436507635,0.016878344783087258,0.035672072089168914
Georgia,13,2021,0.04282241494190455,0.018829315319088786,0.02282882961888172,0.04919891661870479,0.048683780035452436,0.017139789977588492,0.038994919465447676
Hawaii,15,2021,0.03527289840814477,0.017266585058740184,0.01544292326601931,0.040349612362349206,0.03336412405406149,0.013870844191443184,0.03289600496656828
Idaho,16,2021,0.057848445073065025,0.026092702951325132,0.024933734260750684,0.0558941057124885,0.04273185736776849,0.016559162851917435,0.035783499194630385
Illinois,17,2021,0.04023734315537867,0.01701330390239179,0.018090829701398862,0.041142511868660504,0.041413918742846494,0.015835944279659106,0.035005998523138904
Indiana,18,2021,0.04860268907621226,0.023606652912176482,0.02245497614154147,0.05273497260933694,0.0514573930302283,0.018721426060793,0.04204683831828478
Iowa,19,2021,0.04850343738004237,0.02226841920135857,0.018749929731932007,0.050636909768305434,0.041400607223182624,0.014376980555687912,0.035598204778014474
Kansas,20,2021,0.05381096488141319,0.02583163253337087,0.02007706383278204,0.0567879512984728,0.04373284537968893,0.01570366199826401,0.04077697234147371
Kentucky,21,2021,0.053966451066939196,0.03210739199601485,0.03400093852088059,0.07215245000088151,0.07451375653297933,0.02644663315949566,0.0585765316514479
Louisiana,22,2021,0.04989083752957762,0.026637799629691747,0.03551545473578443,0.0636708562792685,0.06223655326983527,0.024075242710323227,0.04849297779080149
Maine,23,2021,0.048571742742644905,0.02531155312286189,0.01586110839605122,0.07213982015443261,0.051854657413742546,0.01812750464275242,0.05041051705600626
Maryland,24,2021,0.042683719064754294,0.015819305696892227,0.016554211545822806,0.04093226519125979,0.039217395210684215,0.012950429094094041,0.029004302104407742
Massachusetts,25,2021,0.03670778024618769,0.014412536982333064,0.014688004213619923,0.04321452199234361,0.03263749472497397,0.013463603806339907,0.03207650170789683
Michigan,26,2021,0.04369546048679246,0.02095341566315043,0.0184215335187974,0.056004029196041374,0.04983103880994389,0.019450448387731304,0.04459235234248565
Minnesota,27,2021,0.04753678865904902,0.019221632895065018,0.012945528253461545,0.04999723035449411,0.03088198701695697,0.013882225294395732,0.034808142699170486
Mississippi,28,2021,0.053749893988179316,0.02975057246383169,0.04039152724284457,0.07085391424886604,0.08215111875371041,0.026605018965149163,0.05832960464170929
Missouri,29,2021,0.05230623705076513,0.023943317657979978,0.024458121148953297,0.06029037119258771,0.05458348543436476,0.01942515996073178,0.045554327735464785
Montana,30,2021,0.050596509832665344,0.028635590973597618,0.019850911529404425,0.05714174321226393,0.041869531993200565,0.015771252124822607,0.03831074653400496
Nebraska,31,2021,0.057172213895855105,0.02431192138196477,0.021671815777740598,0.048249813204207,0.04008948679115048,0.013727848384008354,0.03310468185150764
Nevada,32,2021,0.0449933402272456,0.021408977648302734,0.023141257952381304,0.04421645476160549,0.04710640531767803,0.01642127789473017,0.033766790707794946
New Hampshire,33,2021,0.04689086212878603,0.019593251940108105,0.01773112198586697,0.048778692747389336,0.03344591003131976,0.014664565442653056,0.035156172423420784
New Jersey,34,2021,0.03134078957905133,0.012782211782291861,0.01681338921068788,0.03298454475082081,0.031682104120510014,0.014270435718798102,0.02960236322059988
New Mexico,35,2021,0.050553123586614714,0.03039081052285098,0.027217439912399867,0.06410602636704882,0.05952245122769057,0.025648813105216196,0.052743947735423305
New York,36,2021,0.0344550757619963,0.014812609031850402,0.017090945015470482,0.04210600943406893,0.040356630353872915,0.016323301364550347,0.03587745729946083
North Carolina,37,2021,0.043193769137096834,0.021463303793869033,0.022306795975614628,0.05055431645707188,0.05119779549555126,0.017550715743134753,0.03971064447035263
North Dakota,38,2021,0.05813550016470847,0.029359833095421103,0.02231470297573295,0.04991325354123202,0.0371011309981333,0.013110793894806193,0.03029098495662677
Ohio,39,2021,0.047958831148484586,0.021197614274867993,0.02111067177571016,0.05729811980389445,0.0515254821865436,0.017229392188718592,0.04075967658538069
Oklahoma,40,2021,0.06515291932981922,0.03387560229546104,0.037285501309492645,0.06646262760168135,0.06582653286971012,0.020727631998281898,0.05124853536492647
Oregon,41,2021,0.054845910850283695,0.024932083043614016,0.021167354076847188,0.0671760795272715,0.04645021486596864,0.0188742564952281,0.048562667748458486
Pennsylvania,42,2021,0.04441418706694254,0.01925319471776745,0.020257455465516945,0.05547752708799791,0.04683554105115219,0.017884738673662467,0.04222486491506195
Rhode Island,44,2021,0.04789740601094344,0.01736292005521756,0.020616811921812406,0.05503359853067135,0.04357948708892205,0.018303325710013627,0.042920172952226214
South Carolina,45,2021,0.04357354566669381,0.020526005045708395,0.0239827735177119,0.05159011020056575,0.05590002732844806,0.020582376150868855,0.041312767659732144
South Dakota,46,2021,0.05329524554572411,0.02488151892832661,0.016422395144992386,0.04431458774118479,0.038022595856570245,0.01505929486229724,0.032971222779973886
Tennessee,47,2021,0.04538346593742799,0.025805936977642312,0.027438435752369938,0.0575259990102003,0.060082662168332066,0.01933918174322603,0.04586087900537108
Texas,48,2021,0.046711907770198874,0.02022163794227544,0.023308123614552093,0.04344359962410241,0.042143020939654045,0.015456090575132307,0.0326873530244918
Utah,49,2021,0.05261053249436987,0.019832261096616278,0.016832385145949588,0.05115118789843284,0.03137137042240311,0.011296053314991512,0.03312873597763481
Vermont,50,2021,0.048122514043584766,0.02244172485268878,0.015800624385672743,0.059410856976975145,0.036770510254490636,0.01482788651051932,0.03784765193299822
Virginia,51,2021,0.04488901655317687,0.019979720022894117,0.01972626886293264,0.043697116347289074,0.043498822374629556,0.015770294397602917,0.033656760319297964
Washington,53,2021,0.046819443191646284,0.0217646590649822,0.01820371736166013,0.05510715403757687,0.03950739386736139,0.015470294534321659,0.037744751070479185
West Virginia,54,2021,0.049357671489045706,0.03219377957582919,0.03023962344059114,0.07503630804694617,0.08278524781329832,0.032627929058620816,0.062266124930623105
Wisconsin,55,2021,0.04572244805518605,0.019438915691476003,0.016208604004144745,0.04930269598487186,0.03822421973157932,0.016919545031799356,0.037863214946279256
Wyoming,56,2021,0.061845519654799154,0.02747964827473717,0.022381707913818414,0.04833701567342339,0.041346995062204364,0.013496641409273565,0.032755527217188864
Puerto Rico,72,2021,0.04075767092317418,0.02156588521563079,0.04714013615993869,0.07138625879572488,0.07658907261132067,0.031212290824893706,0.05856928487714431
Alabama,1,2022,0.055860497102665066,0.02746012568720557,0.031231812215768835,0.06524790242584066,0.06804154608374777,0.022850212266075826,0.05102681121899463
Alaska,2,2022,0.060951058008625505,0.03190216294599909,0.027218673887436706,0.05068539436573451,0.041853403976742115,0.015674201859316998,0.038556659423996546
Arizona,4,2022,0.053028976005806076,0.019609902106142052,0.023338594545468907,0.04968291013642136,0.04178900107748757,0.015042776581860016,0.03794554389890667
Arkansas,5,2022,0.05787717170486973,0.0331504796315185,0.03423982083381965,0.07325594048994417,0.07723553169379589,0.02472781975575527,0.05411860625220955
California,6,2022,0.03950210807367282,0.01523039952265408,0.018764540800565135,0.04257996771115806,0.03441155979037208,0.015444791900450944,0.03357277981715322
Colorado,8,2022,0.052554365090825075,0.02039751528878511,0.01710281132119582,0.047308527477182,0.032447292025078144,0.01212486265190802,0.03357413083927076
Connecticut,9,2022,0.04265335655356241,0.014431719617998546,0.018093208535925304,0.05112723039887311,0.036435528762209304,0.016418272116022637,0.03822913293279193
Delaware,10,2022,0.05347534583722312,0.02045998472375456,0.017907154374946957,0.048673512687770516,0.0464126283628957,0.01818721887464992,0.03755749809046932
District of Columbia,11,2022,0.044445378207013685,0.009867904540961092,0.018145709717298467,0.04222720065107824,0.03661651624488857,0.010984733719173856,0.026741977075146018
Florida,12,2022,0.04413510139212885,0.01856919840424651,0.01932329206105365,0.04667371570769736,0.04373781900792692,0.015485965191129662,0.03614240507357617
Georgia,13,2022,0.04871814002536131,0.019592738959363035,0.02259287380198535,0.051234748293014984,0.04698228718814995,0.016348192405136852,0.039787805232771506
Hawaii,15,2022,0.04526199725791298,0.02006264401915196,0.0200839685751308,0.05058310116745672,0.037241455438577126,0.015420162743993687,0.03643864862525605
Idaho,16,2022,0.06177515654709201,0.028121195113048714,0.024155897902255644,0.060903945670543747,0.04655694086867095,0.018933961149856262,0.04518840268237037
Illinois,17,2022,0.044608631705948434,0.016240378713624406,0.0189863472748769,0.04592621232682737,0.039618485924575224,0.016415933302942474,0.03674183842239855
Indiana,18,2022,0.056851154789081655,0.021100839795018863,0.023202362745361686,0.058731373902085014,0.05063639039378514,0.016783564600366473,0.04255571638667331
Iowa,19,2022,0.0565328696839433,0.01922473839720957,0.01700604806451269,0.05154561648657586,0.037157196343427665,0.012683335288909749,0.03815774034923039
Kansas,20,2022,0.05987770026625512,0.02494928683975112,0.020408187271393777,0.05830028425248302,0.042155002002647844,0.015320108995800026,0.03965360367804951
Kentucky,21,2022,0.061535131227988274,0.03218742176485315,0.03402534771699253,0.0751693643870788,0.07193172342263826,0.02474310636591743,0.05708939841995592
Louisiana,22,2022,0.057113019236005515,0.027509194818854506,0.03238906923072039,0.06489691382026001,0.06599241107628777,0.02179677237300094,0.04814174457097631
Maine,23,2022,0.056210619471184026,0.027652460319298456,0.017600787945794595,0.06694613712743536,0.046279625676988546,0.015315208792226837,0.045868830917120636
Maryland,24,2022,0.04627202577704378,0.015278969586830242,0.015663403828220977,0.04605824151798147,0.038130431043523295,0.014017831170823327,0.033132516316214146
Massachusetts,25,2022,0.042495038773172185,0.016530998231648737,0.016413980047711295,0.051795919369423425,0.036812773429621706,0.015963345315842405,0.038775007761058966
Michigan,26,2022,0.05074846419209423,0.02094517319423995,0.019016728882808302,0.06258250207758269,0.04988453049303509,0.01916269409699305,0.04556586404726467
Minnesota,27,2022,0.049919743084001066,0.01858082540248726,0.013462980324148766,0.05236001093559148,0.034197190303932,0.014863076303910882,0.03639340203669524
Mississippi,28,2022,0.062282931098470835,0.028417682767236264,0.043939892095618834,0.07083070375465604,0.07739989613041691,0.02475283920976774,0.05138368282958154
Missouri,29,2022,0.05601003286324006,0.025143515288120147,0.025236789219624616,0.06251251906750281,0.05431349285835349,0.020660588544750575,0.04681691015106525
Montana,30,2022,0.06253668009426976,0.031789927146803336,0.02172076116380754,0.057262428214558965,0.040568568347114295,0.016764531462686933,0.041063269513810154
Nebraska,31,2022,0.05590124676571421,0.021614751671668094,0.016195516408361758,0.05416870314993597,0.0367731944495539,0.015025304946946327,0.035952469794354604
Nevada,32,2022,0.06111489719647626,0.023353479018187472,0.02746958579066508,0.04990622915986128,0.04937501761138483,0.018193212807103416,0.041765855725448164
New Hampshire,33,2022,0.04990923679371956,0.021886096854633837,0.015616885699180792,0.056381963385935444,0.03789363862208353,0.013736122352544879,0.037408242609114684
New Jersey,34,2022,0.03800116201133273,0.012484928213224618,0.017285766432152194,0.037684866453482506,0.03285404084532308,0.013239610842226171,0.03047736175233451
New Mexico,35,2022,0.06058379736414646,0.03228768899125673,0.03266897185640477,0.0675452845149139,0.06010739877349912,0.023176258458944856,0.04925600643507081
New York,36,2022,0.03895618897464938,0.014505053327279652,0.017653134027510987,0.04784221178904583,0.0427838120564722,0.017163517588106844,0.03778253978549345
North Carolina,37,2022,0.047952178056337294,0.020325834199206153,0.022683092433743057,0.05100836610663259,0.04851741731844084,0.018549367946880706,0.03955213821623811
North Dakota,38,2022,0.05871974320621022,0.02174012730508456,0.01385725671736306,0.050985358823465186,0.03467152886200609,0.015682763590309092,0.03600790470679434
Ohio,39,2022,0.05326827268623233,0.021422418738573354,0.01994816173354635,0.05916933660741003,0.050770626481391905,0.01595146655996513,0.04364754937204262
Oklahoma,40,2022,0.06908690520580175,0.03522091790233626,0.03533479200638037,0.07030612869571769,0.06527725989794997,0.02027001861798791,0.05289666181916878
Oregon,41,2022,0.059877906981278185,0.027302482022551647,0.0215464231876915,0.07088312338522702,0.04934683822285095,0.022507585972404296,0.05103637913407227
Pennsylvania,42,2022,0.0530727220078171,0.021037640737659635,0.021014568458950656,0.06170732788533752,0.04672058666842258,0.018105257809383057,0.04532484342607266
Rhode Island,44,2022,0.05129545959558551,0.015650692541293237,0.020361454707058736,0.05563439745204059,0.035824013036071405,0.017057995704021923,0.03923561217687579
South Carolina,45,2022,0.049267691132809155,0.02141501788399947,0.023920336328286333,0.053982209511638235,0.05578651933472042,0.019194129060914694,0.04402619869552004
South Dakota,46,2022,0.0583171791705098,0.02543889818187503,0.015422014476214298,0.05142886175684337,0.038486641549548985,0.014503572154392108,0.03589350758985102
Tennessee,47,2022,0.0521337806212895,0.02355899431620818,0.02760553628799707,0.059230185174281746,0.05446054816657102,0.018861241183880134,0.04629841786900724
Texas,48,2022,0.05129336879374047,0.021771203286144562,0.02423751865250453,0.04566573610629312,0.04013259108754426,0.015506219336934437,0.0344966439257534
Utah,49,2022,0.056331399014651944,0.01725888525224259,0.013968635816898532,0.05178800314569357,0.027728084985036247,0.010648784497295867,0.03344716902379893
Vermont,50,2022,0.06640263755856758,0.025840183829839557,0.017327550651832533,0.0692154185484718,0.03879742084890653,0.015004060344142986,0.04674647313640451
Virginia,51,2022,0.04759595321829755,0.01958952763759849,0.018525901667827572,0.047390402894148566,0.04234414243629103,0.01502689218769149,0.035997873135891256
Washington,53,2022,0.05373181894449363,0.020847786193003322,0.01895863430633133,0.05737525867409017,0.04076819741225659,0.016853995426441584,0.04145539197632809
West Virginia,54,2022,0.05007875800771555,0.03209926244982353,0.032662098832505364,0.06981418582199518,0.0826128506490207,0.028928422064749635,0.06449264599545822
Wisconsin,55,2022,0.050755814433347646,0.020138164921888406,0.015638825635162754,0.052426168173229544,0.03935904408749136,0.015237815510866691,0.03831767003156567
Wyoming,56,2022,0.06148727669869687,0.03165425235911522,0.022152322512104323,0.052384112463806067,0.04428678984754655,0.01654579704020688,0.0381446090757863
Puerto Rico,72,2022,0.055150749146641836,0.024376998013710734,0.055728032278107444,0.07812236847764634,0.08674534092610932,0.03265018041393377,0.059688173831662375
Alabama,1,2023,0.05784953803599091,0.026523968996836542,0.02849389053142015,0.0648641192719861,0.06756723729887734,0.022645727824739923,0.05189457638819373
Alaska,2,2023,0.07200052445751426,0.03718731562040514,0.022352660217087948,0.06176423761671521,0.05214372008953239,0.018721260196484263,0.04178334285473463
Arizona,4,2023,0.05428323092784458,0.020630891783057555,0.02394600942222962,0.05464222804754573,0.04318876359820062,0.01600530751697897,0.0398669422137154
Arkansas,5,2023,0.06522309526953189,0.029811022869969013,0.03214437212229155,0.07741797740814509,0.07058648365447553,0.024680239009576676,0.05890063460582242
California,6,2023,0.03926573721851629,0.015887624660027633,0.017805363238957275,0.04255382192960343,0.034157439556218576,0.015663236086410137,0.033381132206738405
Colorado,8,2023,0.0550335485685285,0.019983313596727312,0.017765142444102197,0.04984390138873937,0.03077097993896665,0.011506368076351005,0.031864823655805306
Connecticut,9,2023,0.04867077428046046,0.016223438534175405,0.018331063642022055,0.048714348684213545,0.03659745369531584,0.013598424716502636,0.03440818391517394
Delaware,10,2023,0.06314765906769282,0.021865190352685672,0.019381703170766002,0.057692796362521365,0.04980865629113382,0.016698317293439426,0.041067323508933606
District of Columbia,11,2023,0.05194779591514865,0.015495623373550982,0.01974739111005967,0.0455865730883474,0.037313040506794945,0.010111365209543586,0.027019863487807657
Florida,12,2023,0.044004095024935956,0.018311535051290594,0.018770876599585682,0.0471293140069064,0.041574192753652095,0.015181654642860991,0.036035959619208836
Georgia,13,2023,0.05111848866893519,0.019850687338563596,0.025200957240639327,0.05213329636182249,0.04775639190203353,0.01744929729012891,0.039512548713481845
Hawaii,15,2023,0.0467943384753167,0.020949574978564468,0.017532611267584132,0.05224290719241602,0.038311719702116075,0.012029340599787807,0.03917168525260852
Idaho,16,2023,0.06731797222068488,0.027403325400653062,0.021417358250558495,0.06294928794750902,0.040632365511201064,0.015362869609752541,0.04206955985483986
Illinois,17,2023,0.04831460361144714,0.016542947869364517,0.018797598417764884,0.04633999350242505,0.040327415163068835,0.014996158895820844,0.03540024225952174
Indiana,18,2023,0.057582945888235815,0.022024040881762734,0.022324453002687143,0.06393758944369114,0.0498993186702548,0.018856980094173637,0.045845609433583456
Iowa,19,2023,0.06163697876286222,0.021887237866537394,0.01894332785965115,0.057556597499228174,0.038568859510429154,0.014148104035275555,0.03904238920074074
Kansas,20,2023,0.06529520275554913,0.024306882601632173,0.02297395315045833,0.06309140239797144,0.043737006452254146,0.015863221204759973,0.04292588959581414
Kentucky,21,2023,0.06533894729851196,0.03326115881237316,0.03286116756689854,0.07574475728455754,0.07587041491167364,0.026629983192820686,0.05872663919053847
Louisiana,22,2023,0.05785861317388661,0.029189167091250592,0.035936076965646935,0.06903318265335555,0.06262997756834161,0.021452024035109367,0.0503251189907495
Maine,23,2023,0.057643090939111685,0.027066599325945278,0.020066239959595566,0.07087529987664992,0.043740712322380755,0.017237444031119185,0.05301867733758098
Maryland,24,2023,0.04511594904957528,0.013630502555278477,0.01686413274320441,0.0459426647694879,0.03577091512114043,0.01332563757195112,0.03181851962554769
Massachusetts,25,2023,0.04759563247350327,0.015529941524298298,0.015583449305298331,0.05522325890985277,0.03542168974804754,0.015282468037173147,0.03778248994768692
Michigan,26,2023,0.052921154623146505,0.020181750543645263,0.019144100675635472,0.06276197245845314,0.04934618450446235,0.01977552309369341,0.04775296381693335
Minnesota,27,2023,0.054907245800469844,0.018784143045460236,0.013315364278402521,0.055377092400709926,0.031408435145703996,0.015823962176612243,0.038601948611448646
Mississippi,28,2023,0.06121941249643434,0.02514755226452658,0.03470146949410232,0.06975347670482783,0.07123502789303894,0.02101108957826666,0.04713085467094448
Missouri,29,2023,0.05988810892379904,0.024418770235825678,0.02292354072996343,0.06233269049687542,0.05237360094758583,0.019180775399859365,0.04668742362407424
Montana,30,2023,0.0688983540592025,0.03029686864579097,0.019338199096765908,0.06088268658633163,0.04431014502502698,0.016908884655722267,0.03977715741162585
Nebraska,31,2023,0.06632806933960408,0.02206244235905012,0.02180893145152478,0.054379838015271846,0.03682988981017278,0.01238182239375489,0.03531669194490946
Nevada,32,2023,0.061867203902599595,0.024855842675151604,0.03275708598813199,0.05317375287181808,0.04973512344846301,0.019464038405146798,0.04156408158333207
New Hampshire,33,2023,0.06132528724466328,0.02357647549013297,0.01787430171193957,0.06235640692828159,0.040801206913300504,0.015531167084693431,0.043665168168480976
New Jersey,34,2023,0.03926415852860357,0.013615359338723989,0.018572780562840292,0.03671435644761123,0.030158720210301818,0.013009201599826659,0.031289558059972904
New Mexico,35,2023,0.06622770198937339,0.028915704419444865,0.033041212988666,0.07357734750764969,0.06303080429257599,0.02031800588863108,0.05648843115939337
New York,36,2023,0.04057066481400888,0.014259889939272343,0.019177801220173027,0.04624372820345898,0.04160243681258843,0.01647326971019776,0.03783534167393902
North Carolina,37,2023,0.05003289734177965,0.02222674786478438,0.022255218962186494,0.05365090482858921,0.04793972715353903,0.017316028092105088,0.03873562812452791
North Dakota,38,2023,0.060951434897907386,0.026183932994337425,0.018900042885024376,0.05412921520405395,0.032084999868719315,0.010896297009425954,0.03127105961018388
Ohio,39,2023,0.05778403696867199,0.022618799589565156,0.0211401164153523,0.06288681869705325,0.04959778167119142,0.018337814169499977,0.04479064970700703
Oklahoma,40,2023,0.07157365707477498,0.03457983166411257,0.03612038850678097,0.07105488073898986,0.06443526059239398,0.020043863668818645,0.051451358857242724
Oregon,41,2023,0.060070793322870415,0.022373701841363662,0.019273258618377243,0.06448498367424091,0.04026968287320811,0.01803245386786763,0.047700001333355294
Pennsylvania,42,2023,0.05583832599781865,0.019556807111185553,0.02175163846849894,0.06551400835771054,0.046400668930894805,0.01930124724468385,0.04634060647379072
Rhode Island,44,2023,0.050960267660471265,0.01564081345922583,0.01760242656601617,0.06389679355138295,0.036623227404241135,0.015049948206270017,0.04064468310571874
South Carolina,45,2023,0.05538062170542437,0.021905359967466367,0.026771614148025466,0.055033925549806864,0.05611731094636184,0.020357574910102746,0.04401982806949574
South Dakota,46,2023,0.06305176304464508,0.02169057599781459,0.019887997753029466,0.051376365640588596,0.04104184020730612,0.01489964621756754,0.034687607611227925
Tennessee,47,2023,0.05314806963786859,0.025155242532195445,0.024059122266228063,0.05591766134659751,0.052594010134465886,0.017251601361363018,0.04266916930599753
Texas,48,2023,0.05363916523947105,0.0217817112802985,0.025304837832773198,0.04692646386482125,0.039866394363998386,0.01558712475090371,0.03429806045543519
Utah,49,2023,0.056890730794119916,0.01762639537823205,0.015501545567145546,0.05310318844597055,0.030260320943093652,0.012034633978271288,0.035651993132547875
Vermont,50,2023,0.05178653596595991,0.023746374451320707,0.01612819836727519,0.06846276735998015,0.03633562369777529,0.013307896328695733,0.04324032282247349
Virginia,51,2023,0.05028149259680972,0.019007858193483003,0.020082632229907714,0.05062791218059775,0.039092043004158396,0.01405085594748085,0.03639152283137944
Washington,53,2023,0.05881761369842581,0.024354569265291642,0.01979207535266631,0.06234337884840921,0.03914406388801386,0.015681499684037526,0.04157859120244691
West Virginia,54,2023,0.0624734943300057,0.03227231752757083,0.029486140123518887,0.08093820702333683,0.07935822252730454,0.02938061057228577,0.06968205031096698
Wisconsin,55,2023,0.05404025098093878,0.020123205396884246,0.01606034647983152,0.0540656724125767,0.03897105470092257,0.015683309516213016,0.0370270292657805
Wyoming,56,2023,0.06664353693479211,0.03616612730524666,0.021142768269995754,0.051679996171630584,0.04461844915147781,0.012451173335407033,0.03911516811925371
Puerto Rico,72,2023,0.05510742457340375,0.023501504100433245,0.0588288349347528,0.0741216522686631,0.07358570244357668,0.030093999760178094,0.05712297128914701
Alabama,1,2024,0.05766189034484293,0.027165558678224417,0.02905244323655495,0.06323288213480299,0.06260690934486053,0.021340192799619302,0.05153731943507699
Alaska,2,2024,0.06599410922691268,0.04052087828644061,0.028390319134636473,0.05684902594722829,0.0426644782609721,0.01646963940828151,0.03822399558545748
Arizona,4,2024,0.054577606228983395,0.022173305268570143,0.024506277344643727,0.05189929363607129,0.0413643711328821,0.01391975743789019,0.037940611841106246
Arkansas,5,2024,0.06230599920988769,0.028556357526378518,0.029429727780047037,0.07558927347105725,0.06886661350823835,0.024453249546411836,0.0597300319229959
California,6,2024,0.040666220963854895,0.015785480413274062,0.01820707991837255,0.04472652141623538,0.034367926056553914,0.016693238685033463,0.03517856201766674
Colorado,8,2024,0.05634468261153974,0.01916828757954747,0.017989154684907534,0.050966157938285454,0.02888618375736992,0.011778603516767242,0.03213712489765506
Connecticut,9,2024,0.04288481465168169,0.012380848479690655,0.01663379441997196,0.051732934007587855,0.029748440171530204,0.012054917550792035,0.03384566355689328
Delaware,10,2024,0.0574511670080823,0.01883480872668359,0.021581690565760984,0.05660943440569511,0.041493250304607196,0.014326122212906677,0.042718346270457855
District of Columbia,11,2024,0.050535596711292693,0.01249092566643594,0.0223059780865396,0.07220637144834804,0.03139086320125606,0.014356439822396299,0.0308759475292489
Florida,12,2024,0.04512715206324407,0.01780881812115365,0.02043211503009089,0.04748290557731374,0.040304733991587426,0.015700844597920552,0.03549912956216612
Georgia,13,2024,0.05029343258330315,0.019139006908018966,0.02384542724443762,0.050039979093801264,0.04464124148828602,0.015834900456364848,0.037475906319073875
Hawaii,15,2024,0.0401019033823791,0.016120301898299917,0.0168089756295901,0.04506746969581459,0.03573225585118549,0.013629895047139844,0.03306904525933267
Idaho,16,2024,0.06901253528320886,0.025433196406776097,0.021899061382662496,0.06417861723414096,0.041839404012014164,0.01537516699498606,0.045904994388279385
Illinois,17,2024,0.046548209326715224,0.016654511936294376,0.01914180184167078,0.04749981342379769,0.03731759721274793,0.014730485765872398,0.03523409748835699
Indiana,18,2024,0.06226724416352805,0.023356203158712986,0.02592988742740867,0.0667664637568324,0.050278576331879765,0.019259528514009867,0.049313107025625094
Iowa,19,2024,0.058069962594939566,0.021089127047124005,0.01734437344532729,0.05644792626238761,0.03798485214514968,0.013527942296920255,0.034451414569655975
Kansas,20,2024,0.06043963772201365,0.025399779876388518,0.01830554048082592,0.06014660842025559,0.039431781020374916,0.014271699112824486,0.03873495734079425
Kentucky,21,2024,0.06597295011861272,0.03217269982361687,0.031792900811764536,0.07914043291874423,0.07002972485795703,0.02315061153226188,0.05986898423498984
Louisiana,22,2024,0.05893438202977479,0.024391488146049647,0.035029227236330424,0.06694622332110131,0.05792468294806436,0.021681322796488576,0.048713446115813845
Maine,23,2024,0.06114361475679029,0.027275491710556724,0.019712210964202743,0.07825526376607106,0.042327855691922205,0.013806818872927638,0.05103572427718244
Maryland,24,2024,0.05192037576351125,0.017283704028246694,0.018394070599554994,0.0502679806362379,0.038880011683547676,0.013410038830614332,0.03420417643875158
Massachusetts,25,2024,0.04542239870621322,0.014811740309329283,0.014988038220662974,0.05569135599346136,0.03460169006102986,0.01566901436341404,0.04065782883803835
Michigan,26,2024,0.053981184432078125,0.020455236057054432,0.020015985510749103,0.0621275437838192,0.046613876372699745,0.018356928843082924,0.04678904173515332
Minnesota,27,2024,0.05366058955219519,0.018037573284856702,0.01393595941056471,0.05776746415398734,0.031279701190677994,0.015086597419905423,0.04025099515428545
Mississippi,28,2024,0.06284156062912825,0.024609739649744833,0.04000282701328991,0.07070242445837664,0.07093918682140637,0.024304657798875674,0.05400361033155565
Missouri,29,2024,0.06493506493506493,0.02454306046172085,0.02586844496171523,0.0651525343967855,0.05061718272014532,0.018102892947160953,0.04839696486126792
Montana,30,2024,0.06185907836783322,0.027305870541257413,0.01777783871817959,0.061886501548647964,0.04247088953181013,0.01545600940919804,0.04117133546320038
Nebraska,31,2024,0.059808791657302574,0.021348412323233888,0.017743128477092626,0.05033448113447184,0.03516938462187573,0.013084760765694438,0.03359105042317095
Nevada,32,2024,0.06371041725018368,0.026115684531420616,0.030767076244870125,0.052112128629475826,0.04575027095485709,0.017112778109283095,0.03764039926771152
New Hampshire,33,2024,0.060712410014674936,0.022537600853472697,0.017399610626581023,0.06231619612482978,0.03778708065105491,0.012059531600461044,0.039954835503242234
New Jersey,34,2024,0.03844605821140893,0.012989576406641203,0.018594736094126398,0.036842428463901664,0.030008228690936334,0.01347733250052197,0.02967715108332734
New Mexico,35,2024,0.061443800704711275,0.03208600253957366,0.031649947126239676,0.06916622775321224,0.06009317213981537,0.02051665217231538,0.05318732826235184
New York,36,2024,0.04383206242580373,0.014956223680832876,0.020233639852026985,0.05060150382186083,0.04261476589908227,0.018296416231838787,0.041596267610840613
North Carolina,37,2024,0.0522861434807051,0.021818574690697517,0.02383760925310218,0.05617054562612198,0.046723154668637835,0.017480191151345647,0.04027097271960949
North Dakota,38,2024,0.05939295876806338,0.01792067777114923,0.01501937776556981,0.05329851201078116,0.03419327979948412,0.012193185378478019,0.036575264271520476
Ohio,39,2024,0.05754458148047843,0.02307709133127247,0.021784565846992728,0.0630763085057732,0.04688721815763745,0.017523203437064427,0.044077536563275184
Oklahoma,40,2024,0.07413109186561964,0.03262865326812455,0.03390433090876044,0.07046772602887273,0.061761394426736047,0.018676980918689856,0.05198386385591238
Oregon,41,2024,0.06520878651268201,0.026131931576388864,0.02020240940596969,0.07425388629873661,0.043407916486173335,0.018759630365225093,0.052123749730962766
Pennsylvania,42,2024,0.05332765242847631,0.01977906619497994,0.021251906221383926,0.060058796585164234,0.04481435623772064,0.018145654361318812,0.04477470085212273
Rhode Island,44,2024,0.05328361039125213,0.015307884868948102,0.02105238401124205,0.05838574870315139,0.0337349680950988,0.015204989541424924,0.03942654964038083
South Carolina,45,2024,0.05629056163476396,0.020734760808552237,0.025020024597142948,0.05667465548232475,0.051836902021380596,0.018254233546718804,0.04017344139257671
South Dakota,46,2024,0.06768253212115857,0.021824524065177764,0.020337797993496054,0.056316953095137026,0.04140359234508948,0.015259110999275845,0.03608288017640946
Tennessee,47,2024,0.05430030092862682,0.023565358204347076,0.025695031928868295,0.05737036211412277,0.051326273391094246,0.018090976339767976,0.04497738222018196
Texas,48,2024,0.05430040423187074,0.02100509180807827,0.02592426211518657,0.04961699569078118,0.03977966124762352,0.01552792021423606,0.03513448720677329
Utah,49,2024,0.055861853002730465,0.018060449938433504,0.0149129307588289,0.053313703846973134,0.028697968990512572,0.010818416387881674,0.033090987581374284
Vermont,50,2024,0.05872431491321932,0.019226733476175796,0.016260204729346354,0.07372795506421434,0.03832133335751464,0.015894894202444214,0.04225166009021356
Virginia,51,2024,0.051176334226102904,0.01819126388460939,0.020541793389651234,0.04994672865374088,0.04027541160762305,0.014278532158107121,0.03767996301741084
Washington,53,2024,0.058432225244829085,0.021152480428769906,0.01864576642248213,0.061467125669074044,0.03849411860080647,0.016948083452626807,0.043383462098591764
West Virginia,54,2024,0.06422406256143474,0.034087327970378944,0.030920135578753533,0.08088392921532463,0.07496248467527387,0.031069307771871262,0.06615539790941592
Wisconsin,55,2024,0.05447415544490125,0.0201322718929188,0.017392398755522575,0.05271585237072609,0.03765819826919793,0.015940925107766735,0.038759374988458384
Wyoming,56,2024,0.061149907303753456,0.030181068642607105,0.014458245227475996,0.04883285652516422,0.03672607518761365,0.010199548661087122,0.03783369167984552
Puerto Rico,72,2024,0.052082213821463115,0.02497967922919847,0.051682058976667895,0.07126251722961376,0.0738137000080344,0.031889784730258074,0.061286296966022835
