state,state_fips,year,employment_rate,edu_bachelors_share,edu_some_college_share,edu_hs_grad_share,edu_less_than_hs_share
Alabama,1,2010,0.1872044666328881,,,,
Alaska,2,2010,0.3373761702005649,,,,
Arizona,4,2010,0.20334463858522847,,,,
Arkansas,5,2010,0.20450496221726167,,,,
California,6,2010,0.19854628876210545,,,,
Colorado,8,2010,0.2734860940001803,,,,
Connecticut,9,2010,0.2396280296669872,,,,
Delaware,10,2010,0.2347011885716529,,,,
Florida,12,2010,0.18373264146989338,,,,
Georgia,13,2010,0.20861269973664948,,,,
Hawaii,15,2010,0.24757204024671264,,,,
Idaho,16,2010,0.25946314501120543,,,,
Illinois,17,2010,0.21710982620410013,,,,
Indiana,18,2010,0.22180332425671098,,,,
Iowa,19,2010,0.2849585386218633,,,,
Kansas,20,2010,0.28612143703317316,,,,
Kentucky,21,2010,0.18464456204253113,,,,
Louisiana,22,2010,0.23202795373553428,,,,
Maine,23,2010,0.19019519820000108,,,,
Maryland,24,2010,0.2541189731304196,,,,
Massachusetts,25,2010,0.21428813288022064,,,,
Michigan,26,2010,0.18884129247180476,,,,
Minnesota,27,2010,0.27844768247070434,,,,
Mississippi,28,2010,0.19120692389605093,,,,
Missouri,29,2010,0.21968814380401372,,,,
Montana,30,2010,0.275505793207496,,,,
Nebraska,31,2010,0.2960616723577913,,,,
Nevada,32,2010,0.2538602892821309,,,,
New Hampshire,33,2010,0.2647849764414182,,,,
New Jersey,34,2010,0.22654747621110305,,,,
New Mexico,35,2010,0.22116840428953582,,,,
New York,36,2010,0.19450399141891056,,,,
North Carolina,37,2010,0.20945848784462737,,,,
North Dakota,38,2010,0.3189264498744565,,,,
Ohio,39,2010,0.21799329798710093,,,,
Oklahoma,40,2010,0.2571153282842705,,,,
Oregon,41,2010,0.22203259542000298,,,,
Pennsylvania,42,2010,0.2093030585164009,,,,
Rhode Island,44,2010,0.21515898067595657,,,,
South Carolina,45,2010,0.18698849523911953,,,,
South Dakota,46,2010,0.27699713765287537,,,,
Tennessee,47,2010,0.18914445477439096,,,,
Texas,48,2010,0.2546222015939297,,,,
Utah,49,2010,0.27667520022547387,,,,
Vermont,50,2010,0.2734989784485599,,,,
Virginia,51,2010,0.22484439277523008,,,,
Washington,53,2010,0.2364111773269345,,,,
West Virginia,54,2010,0.17667728793430118,,,,
Wisconsin,55,2010,0.246792723919605,,,,
Puerto Rico,72,2010,0.14360481007780304,,,,
Alabama,1,2011,0.1837316585148955,,,,
Alaska,2,2011,0.30656015282420873,,,,
Arizona,4,2011,0.2026619682741728,,,,
Arkansas,5,2011,0.2190721022813932,,,,
California,6,2011,0.19532333124343226,,,,
Colorado,8,2011,0.2793963416032643,,,,
Connecticut,9,2011,0.23623478671529607,,,,
Delaware,10,2011,0.24365300793311953,,,,
Florida,12,2011,0.1733935828895685,,,,
Georgia,13,2011,0.206920432547894,,,,
Hawaii,15,2011,0.21226027655325722,,,,
Idaho,16,2011,0.23643189602177922,,,,
Illinois,17,2011,0.21628142721581506,,,,
Indiana,18,2011,0.23051661112121546,,,,
Iowa,19,2011,0.25984561526124966,,,,
Kansas,20,2011,0.2812283558900058,,,,
Kentucky,21,2011,0.18309267079712008,,,,
Louisiana,22,2011,0.23055689463979165,,,,
Maine,23,2011,0.21376952036064548,,,,
Maryland,24,2011,0.2456908464921834,,,,
Massachusetts,25,2011,0.20731221344294695,,,,
Michigan,26,2011,0.19432142159116356,,,,
Minnesota,27,2011,0.268861654480182,,,,
Mississippi,28,2011,0.2026509499651845,,,,
Missouri,29,2011,0.22177947243080046,,,,
Montana,30,2011,0.2734732701360676,,,,
Nebraska,31,2011,0.29291829058665353,,,,
Nevada,32,2011,0.24231682627305653,,,,
New Hampshire,33,2011,0.2396862722809909,,,,
New Jersey,34,2011,0.2148386755175645,,,,
New Mexico,35,2011,0.22132895189331703,,,,
New York,36,2011,0.1981381533668997,,,,
North Carolina,37,2011,0.20449207769683764,,,,
North Dakota,38,2011,0.3113865684601335,,,,
Ohio,39,2011,0.21529740218737028,,,,
Oklahoma,40,2011,0.24800672278884434,,,,
Oregon,41,2011,0.2259247435928918,,,,
Pennsylvania,42,2011,0.20790988193574608,,,,
Rhode Island,44,2011,0.19570363054287854,,,,
South Carolina,45,2011,0.18566806912851802,,,,
South Dakota,46,2011,0.31711642512622984,,,,
Tennessee,47,2011,0.19130331666890166,,,,
Texas,48,2011,0.2507834560448203,,,,
Utah,49,2011,0.272934244006964,,,,
Vermont,50,2011,0.24678456591639872,,,,
Virginia,51,2011,0.22309232661692802,,,,
Washington,53,2011,0.23304198349471664,,,,
West Virginia,54,2011,0.16751705590080987,,,,
Wisconsin,55,2011,0.24914031903715733,,,,
Puerto Rico,72,2011,0.14731309238768542,,,,
Alabama,1,2012,0.1902158762536121,,,,
Alaska,2,2012,0.29084993790161456,,,,
Arizona,4,2012,0.21255405508463804,,,,
Arkansas,5,2012,0.21586878929085054,,,,
California,6,2012,0.19730867485421802,,,,
Colorado,8,2012,0.27835034181897805,,,,
Connecticut,9,2012,0.245400628179051,,,,
Delaware,10,2012,0.22557929994319628,,,,
District of Columbia,11,2012,0.23112464559487556,,,,
Florida,12,2012,0.17340180436233663,,,,
Georgia,13,2012,0.20803783159557573,,,,
Hawaii,15,2012,0.21871069182389938,,,,
Idaho,16,2012,0.25898824387643443,,,,
Illinois,17,2012,0.21291359443175722,,,,
Indiana,18,2012,0.22722955117463403,,,,
Iowa,19,2012,0.26992392255076547,,,,
Kansas,20,2012,0.2716226513752985,,,,
Kentucky,21,2012,0.1861747017384893,,,,
Louisiana,22,2012,0.2396199753465019,,,,
Maine,23,2012,0.23034493474207582,,,,
Maryland,24,2012,0.2565091921925587,,,,
Massachusetts,25,2012,0.2140159865328348,,,,
Michigan,26,2012,0.18815279647926783,,,,
Minnesota,27,2012,0.26728195680528233,,,,
Mississippi,28,2012,0.1890152432723143,,,,
Missouri,29,2012,0.21808680272765738,,,,
Montana,30,2012,0.2565962402262519,,,,
Nebraska,31,2012,0.2847760960450714,,,,
Nevada,32,2012,0.24019443676740745,,,,
New Hampshire,33,2012,0.2559221538199665,,,,
New Jersey,34,2012,0.2150588353905316,,,,
New Mexico,35,2012,0.22622674508808305,,,,
New York,36,2012,0.1938317222665392,,,,
North Carolina,37,2012,0.20177297715072895,,,,
North Dakota,38,2012,0.33082217124250723,,,,
Ohio,39,2012,0.2210584159231604,,,,
Oklahoma,40,2012,0.2430017137119605,,,,
Oregon,41,2012,0.22120805741922941,,,,
Pennsylvania,42,2012,0.21501447261483872,,,,
Rhode Island,44,2012,0.1986376620522962,,,,
South Carolina,45,2012,0.18481135445307048,,,,
South Dakota,46,2012,0.34575027940841374,,,,
Tennessee,47,2012,0.19417474653194136,,,,
Texas,48,2012,0.251828823789477,,,,
Utah,49,2012,0.2824084494481274,,,,
Vermont,50,2012,0.247992875029042,,,,
Virginia,51,2012,0.23474850465764416,,,,
Washington,53,2012,0.23539474373069472,,,,
West Virginia,54,2012,0.1674314234232037,,,,
Wisconsin,55,2012,0.24407784127708554,,,,
Puerto Rico,72,2012,0.1419573451397578,,,,
Alabama,1,2013,0.1875319088390623,0.125,0.264,0.345,0.267
Alaska,2,2013,0.35558959898050485,0.162,0.342,0.305,0.191
Arizona,4,2013,0.2096717008689026,0.17200000000000001,0.33399999999999996,0.29300000000000004,0.2
Arkansas,5,2013,0.19692930575608397,0.10099999999999998,0.256,0.377,0.265
California,6,2013,0.20417559932425042,0.177,0.301,0.25,0.27199999999999996
Colorado,8,2013,0.28666133272373984,0.225,0.33299999999999996,0.285,0.15700000000000003
Connecticut,9,2013,0.24855786742262742,0.191,0.23800000000000004,0.355,0.21600000000000003
Delaware,10,2013,0.24514220019223884,0.14400000000000002,0.255,0.38599999999999995,0.21500000000000002
Florida,12,2013,0.18215690732531312,0.173,0.271,0.34,0.21600000000000003
Georgia,13,2013,0.21870927676870047,0.141,0.256,0.348,0.256
Hawaii,15,2013,0.21994609164420484,0.177,0.275,0.369,0.18000000000000002
Idaho,16,2013,0.23125436183751386,0.159,0.353,0.305,0.184
Illinois,17,2013,0.23159204149603158,0.159,0.266,0.355,0.22100000000000003
Indiana,18,2013,0.23309342127434224,0.11300000000000002,0.252,0.402,0.23299999999999998
Iowa,19,2013,0.28235237801758567,0.137,0.27899999999999997,0.419,0.165
Kansas,20,2013,0.2769804945476885,0.16699999999999998,0.315,0.358,0.16
Kentucky,21,2013,0.1935226345706695,0.10099999999999999,0.234,0.37200000000000005,0.29300000000000004
Louisiana,22,2013,0.22123464562882253,0.116,0.22299999999999998,0.364,0.298
Maine,23,2013,0.21953604256417383,0.15,0.251,0.433,0.165
Maryland,24,2013,0.2612657548571743,0.207,0.25,0.329,0.214
Massachusetts,25,2013,0.22811423690518834,0.184,0.23499999999999996,0.348,0.233
Michigan,26,2013,0.20419995569891036,0.127,0.29100000000000004,0.36700000000000005,0.214
Minnesota,27,2013,0.2949268428171651,0.16699999999999998,0.292,0.364,0.177
Mississippi,28,2013,0.18972446654236585,0.10800000000000001,0.254,0.326,0.312
Missouri,29,2013,0.22842873077742545,0.12200000000000001,0.28200000000000003,0.37900000000000006,0.218
Montana,30,2013,0.2664705572566751,0.178,0.316,0.363,0.14300000000000002
Nebraska,31,2013,0.2918459630953249,0.152,0.319,0.37399999999999994,0.156
Nevada,32,2013,0.2587895856840568,0.137,0.35000000000000003,0.315,0.198
New Hampshire,33,2013,0.27382625627006746,0.218,0.28300000000000003,0.348,0.15
New Jersey,34,2013,0.22778811536287213,0.18200000000000002,0.21400000000000002,0.382,0.221
New Mexico,35,2013,0.23382271864088375,0.16699999999999998,0.294,0.301,0.238
New York,36,2013,0.20681979693559135,0.175,0.22799999999999998,0.332,0.265
North Carolina,37,2013,0.20465576258597862,0.135,0.27399999999999997,0.32799999999999996,0.263
North Dakota,38,2013,0.34247591845878134,0.14300000000000002,0.325,0.333,0.198
Ohio,39,2013,0.22572907208379797,0.12,0.25,0.41,0.21999999999999997
Oklahoma,40,2013,0.25055966468981816,0.138,0.287,0.367,0.20800000000000002
Oregon,41,2013,0.2309926631828555,0.17300000000000001,0.357,0.304,0.16500000000000004
Pennsylvania,42,2013,0.22198978669673974,0.129,0.209,0.44299999999999995,0.21899999999999997
Rhode Island,44,2013,0.2215120734351817,0.16399999999999998,0.23299999999999998,0.325,0.278
South Carolina,45,2013,0.210074294205052,0.138,0.265,0.336,0.261
South Dakota,46,2013,0.32922356224459287,0.154,0.314,0.36700000000000005,0.165
Tennessee,47,2013,0.21209872986406178,0.118,0.238,0.36600000000000005,0.27799999999999997
Texas,48,2013,0.26204574829420785,0.151,0.27,0.3,0.27899999999999997
Utah,49,2013,0.28659654234577336,0.204,0.371,0.292,0.133
Vermont,50,2013,0.2419119104240983,0.179,0.242,0.39,0.189
Virginia,51,2013,0.24191170501034825,0.185,0.251,0.323,0.241
Washington,53,2013,0.24148897662921562,0.176,0.35400000000000004,0.305,0.166
West Virginia,54,2013,0.17316952922561857,0.094,0.201,0.43399999999999994,0.27
Wisconsin,55,2013,0.26386924406726386,0.147,0.275,0.394,0.184
Puerto Rico,72,2013,0.13825289258801615,0.127,0.165,0.262,0.44700000000000006
Alabama,1,2014,0.18582226016532483,0.115,0.264,0.34800000000000003,0.273
Alaska,2,2014,0.3009934132383112,0.17,0.35700000000000004,0.324,0.149
Arizona,4,2014,0.2037126837399606,0.179,0.334,0.28900000000000003,0.19899999999999995
Arkansas,5,2014,0.20240706140626252,0.10600000000000001,0.26,0.387,0.247
California,6,2014,0.20760909808257708,0.18799999999999997,0.297,0.25,0.265
Colorado,8,2014,0.28214723285433424,0.22199999999999998,0.326,0.287,0.16399999999999998
Connecticut,9,2014,0.25620855846886925,0.196,0.23299999999999998,0.36100000000000004,0.21
Delaware,10,2014,0.23671994872492086,0.17,0.241,0.39399999999999996,0.19499999999999998
District of Columbia,11,2014,0.22198996655518394,0.203,0.267,0.315,0.215
Florida,12,2014,0.17941650905313775,0.17,0.275,0.342,0.21300000000000002
Georgia,13,2014,0.20243895887148977,0.14300000000000002,0.257,0.34,0.26
Hawaii,15,2014,0.23724262595742154,0.19299999999999998,0.265,0.36400000000000005,0.178
Idaho,16,2014,0.24897424056646336,0.147,0.35600000000000004,0.342,0.154
Illinois,17,2014,0.2216407270953315,0.166,0.27699999999999997,0.34199999999999997,0.215
Indiana,18,2014,0.2460254610465186,0.12200000000000001,0.259,0.4089999999999999,0.21100000000000002
Iowa,19,2014,0.2953236755970421,0.138,0.305,0.40900000000000003,0.149
Kansas,20,2014,0.2754498597361922,0.168,0.324,0.34900000000000003,0.159
Kentucky,21,2014,0.19600144208445733,0.095,0.23299999999999998,0.377,0.29500000000000004
Louisiana,22,2014,0.2244733724763082,0.125,0.223,0.366,0.287
Maine,23,2014,0.23000146852544853,0.135,0.276,0.41,0.17900000000000002
Maryland,24,2014,0.2541104576825721,0.21200000000000002,0.247,0.338,0.203
Massachusetts,25,2014,0.23107314586159083,0.19800000000000004,0.227,0.337,0.23700000000000002
Michigan,26,2014,0.19970515807139225,0.131,0.29600000000000004,0.36700000000000005,0.20500000000000002
Minnesota,27,2014,0.27983964029233716,0.17800000000000002,0.305,0.35200000000000004,0.165
Mississippi,28,2014,0.19128829810320677,0.113,0.26799999999999996,0.32399999999999995,0.295
Missouri,29,2014,0.22692635330634145,0.131,0.268,0.38699999999999996,0.215
Montana,30,2014,0.27796757956482104,0.162,0.302,0.391,0.146
Nebraska,31,2014,0.2984402079722704,0.151,0.301,0.384,0.16399999999999998
Nevada,32,2014,0.2639376739896503,0.152,0.34400000000000003,0.309,0.195
New Hampshire,33,2014,0.2639153678989961,0.203,0.26999999999999996,0.34600000000000003,0.18100000000000002
New Jersey,34,2014,0.23643395224364105,0.192,0.217,0.37,0.22099999999999997
New Mexico,35,2014,0.2095704254869562,0.166,0.273,0.312,0.25
New York,36,2014,0.21164574185169152,0.175,0.225,0.33399999999999996,0.266
North Carolina,37,2014,0.21199770749519936,0.142,0.284,0.324,0.251
North Dakota,38,2014,0.32962497757042886,0.15000000000000002,0.317,0.36200000000000004,0.171
Ohio,39,2014,0.23043958396335723,0.122,0.252,0.41,0.217
Oklahoma,40,2014,0.2566138078251734,0.138,0.309,0.363,0.19
Oregon,41,2014,0.2335829235982418,0.16699999999999998,0.35100000000000003,0.314,0.16699999999999998
Pennsylvania,42,2014,0.22534072591403148,0.134,0.21100000000000002,0.446,0.20800000000000002
Rhode Island,44,2014,0.2275455597338733,0.147,0.227,0.34800000000000003,0.278
South Carolina,45,2014,0.19757819680595745,0.132,0.262,0.343,0.263
South Dakota,46,2014,0.3289273856530892,0.156,0.28600000000000003,0.392,0.166
Tennessee,47,2014,0.20819644019992448,0.11599999999999999,0.23199999999999998,0.37799999999999995,0.27399999999999997
Texas,48,2014,0.2545319321074011,0.152,0.27899999999999997,0.3,0.26899999999999996
Utah,49,2014,0.29679976558540294,0.203,0.385,0.292,0.11900000000000001
Vermont,50,2014,0.25541822765309335,0.191,0.262,0.35700000000000004,0.191
Virginia,51,2014,0.24749308130482187,0.181,0.265,0.318,0.23600000000000002
Washington,53,2014,0.24971469413101807,0.178,0.354,0.302,0.16600000000000004
West Virginia,54,2014,0.1831416487780473,0.086,0.21100000000000005,0.4220000000000001,0.281
Wisconsin,55,2014,0.258618334963729,0.145,0.285,0.396,0.174
Wyoming,56,2014,0.3187908398777052,0.178,0.361,0.34600000000000003,0.115
Puerto Rico,72,2014,0.135420815719933,0.134,0.16699999999999998,0.278,0.42100000000000004
Alabama,1,2015,0.19284540294514943,0.13,0.269,0.35000000000000003,0.251
Alaska,2,2015,0.30866366819212965,0.176,0.358,0.305,0.161
Arizona,4,2015,0.20984783148190464,0.175,0.337,0.298,0.191
Arkansas,5,2015,0.21431212699723096,0.109,0.261,0.387,0.243
California,6,2015,0.21036228174353214,0.18500000000000003,0.3,0.253,0.262
Colorado,8,2015,0.26858298381113116,0.239,0.325,0.289,0.147
Connecticut,9,2015,0.22787272512765075,0.19500000000000003,0.225,0.369,0.21100000000000002
Delaware,10,2015,0.21707183468389338,0.162,0.275,0.35900000000000004,0.20400000000000001
District of Columbia,11,2015,0.23769212380296148,0.21,0.209,0.336,0.245
Florida,12,2015,0.1820434932469168,0.18,0.275,0.34299999999999997,0.202
Georgia,13,2015,0.21690853276884234,0.155,0.261,0.34600000000000003,0.238
Hawaii,15,2015,0.23421061928144982,0.2,0.27299999999999996,0.32899999999999996,0.198
Idaho,16,2015,0.2531923126531665,0.16699999999999998,0.337,0.33,0.166
Illinois,17,2015,0.21987043203953516,0.165,0.28,0.34800000000000003,0.207
Indiana,18,2015,0.2375229738471822,0.111,0.255,0.419,0.214
Iowa,19,2015,0.2988053523493371,0.14500000000000002,0.28700000000000003,0.418,0.15
Kansas,20,2015,0.2880455688711348,0.174,0.31,0.35600000000000004,0.159
Kentucky,21,2015,0.19811720364111032,0.111,0.233,0.376,0.28
Louisiana,22,2015,0.2311814794515355,0.12300000000000001,0.23800000000000002,0.369,0.27
Maine,23,2015,0.2117602477101273,0.169,0.245,0.4089999999999999,0.17800000000000002
Maryland,24,2015,0.2604827891525559,0.224,0.251,0.329,0.197
Massachusetts,25,2015,0.2318466858114048,0.20600000000000002,0.22899999999999998,0.34299999999999997,0.221
Michigan,26,2015,0.20509922937083552,0.134,0.30100000000000005,0.365,0.199
Minnesota,27,2015,0.3014983609699297,0.178,0.301,0.367,0.153
Mississippi,28,2015,0.19125623099351036,0.113,0.271,0.3360000000000001,0.28
Missouri,29,2015,0.23600815145160814,0.134,0.28300000000000003,0.37400000000000005,0.209
Montana,30,2015,0.27100954567423874,0.183,0.316,0.38,0.122
Nebraska,31,2015,0.31114747855264446,0.156,0.34,0.36099999999999993,0.14300000000000002
Nevada,32,2015,0.27333868360668706,0.161,0.34,0.304,0.19499999999999998
New Hampshire,33,2015,0.26547519605031855,0.191,0.292,0.368,0.14800000000000002
New Jersey,34,2015,0.22818437394516963,0.20100000000000004,0.212,0.374,0.21300000000000002
New Mexico,35,2015,0.20586281974037354,0.178,0.27,0.303,0.24899999999999997
New York,36,2015,0.2103462089247206,0.18300000000000002,0.228,0.332,0.256
North Carolina,37,2015,0.21653752643981686,0.14400000000000002,0.28600000000000003,0.326,0.24400000000000002
North Dakota,38,2015,0.31222157403479,0.171,0.312,0.34500000000000003,0.172
Ohio,39,2015,0.23641551363560598,0.126,0.252,0.414,0.20800000000000002
Oklahoma,40,2015,0.24464564089960766,0.145,0.29700000000000004,0.36300000000000004,0.19499999999999998
Oregon,41,2015,0.2419656729016552,0.172,0.368,0.31,0.15
Pennsylvania,42,2015,0.23083550357483448,0.142,0.21000000000000002,0.44,0.20800000000000005
Rhode Island,44,2015,0.23270530706169998,0.16499999999999998,0.253,0.354,0.22899999999999998
South Carolina,45,2015,0.1931580172213172,0.138,0.264,0.33999999999999997,0.259
South Dakota,46,2015,0.34173527012279753,0.162,0.301,0.391,0.146
Tennessee,47,2015,0.21080562867976357,0.118,0.23399999999999999,0.38299999999999995,0.265
Texas,48,2015,0.2584674744654324,0.157,0.27899999999999997,0.305,0.259
Utah,49,2015,0.3088360664892132,0.20600000000000002,0.342,0.324,0.129
Vermont,50,2015,0.2709932187055602,0.205,0.258,0.34800000000000003,0.189
Virginia,51,2015,0.24497215390918262,0.19199999999999998,0.263,0.315,0.23
Washington,53,2015,0.2414768489165703,0.19299999999999998,0.345,0.309,0.153
West Virginia,54,2015,0.16845376705116402,0.096,0.196,0.44,0.268
Wisconsin,55,2015,0.2648450486072634,0.149,0.287,0.388,0.17500000000000002
Wyoming,56,2015,0.3794106676613204,0.155,0.40399999999999997,0.305,0.136
Puerto Rico,72,2015,0.1247462303842454,0.13699999999999998,0.167,0.275,0.42100000000000004
Alabama,1,2016,0.18769920970315646,0.13,0.255,0.353,0.261
Alaska,2,2016,0.36317268529408125,0.172,0.35300000000000004,0.315,0.161
Arizona,4,2016,0.21105755714496738,0.182,0.342,0.28800000000000003,0.187
Arkansas,5,2016,0.21422762744849813,0.11,0.265,0.392,0.23199999999999998
California,6,2016,0.21307931576683076,0.19100000000000003,0.295,0.251,0.263
Colorado,8,2016,0.28610026466752864,0.24500000000000002,0.319,0.302,0.134
Connecticut,9,2016,0.24275151015778407,0.21,0.23300000000000004,0.349,0.20800000000000002
Delaware,10,2016,0.22972211183912614,0.197,0.24400000000000002,0.368,0.19
District of Columbia,11,2016,0.24661700287380375,0.242,0.24,0.332,0.187
Florida,12,2016,0.18858461275877916,0.182,0.273,0.342,0.203
Georgia,13,2016,0.22871553614324094,0.154,0.265,0.341,0.239
Hawaii,15,2016,0.23045223297582454,0.193,0.264,0.361,0.182
Idaho,16,2016,0.27620537348630003,0.16899999999999996,0.33,0.34600000000000003,0.155
Illinois,17,2016,0.22396040587037963,0.17400000000000002,0.287,0.334,0.205
Indiana,18,2016,0.24286811216248483,0.129,0.256,0.4079999999999999,0.20700000000000002
Iowa,19,2016,0.2950913614850621,0.156,0.291,0.392,0.161
Kansas,20,2016,0.3021401372696502,0.171,0.314,0.359,0.156
Kentucky,21,2016,0.21419507597841847,0.109,0.251,0.371,0.269
Louisiana,22,2016,0.22614564221413933,0.125,0.23500000000000001,0.36300000000000004,0.278
Maine,23,2016,0.22564359626194994,0.159,0.26899999999999996,0.41200000000000003,0.159
Maryland,24,2016,0.2701576010723878,0.216,0.259,0.34,0.185
Massachusetts,25,2016,0.2502727515724128,0.21600000000000005,0.244,0.333,0.20600000000000004
Michigan,26,2016,0.22102441442799614,0.13699999999999998,0.309,0.365,0.19
Minnesota,27,2016,0.30306055745868,0.185,0.306,0.364,0.146
Mississippi,28,2016,0.20360569120352004,0.126,0.267,0.333,0.274
Missouri,29,2016,0.23616027442250848,0.135,0.279,0.37999999999999995,0.20499999999999996
Montana,30,2016,0.2878583425446089,0.185,0.312,0.363,0.141
Nebraska,31,2016,0.316491355395656,0.16,0.32799999999999996,0.364,0.14700000000000002
Nevada,32,2016,0.27050356492527505,0.154,0.34,0.33,0.17600000000000002
New Hampshire,33,2016,0.2917973294218805,0.20800000000000002,0.289,0.33899999999999997,0.163
New Jersey,34,2016,0.22788393569979207,0.201,0.21600000000000003,0.374,0.209
New Mexico,35,2016,0.20489466208006024,0.179,0.28800000000000003,0.307,0.226
New York,36,2016,0.2124080000990347,0.189,0.22999999999999998,0.327,0.254
North Carolina,37,2016,0.2290323733073212,0.156,0.298,0.319,0.22799999999999998
North Dakota,38,2016,0.35139163764811987,0.16699999999999998,0.315,0.34,0.17800000000000002
Ohio,39,2016,0.23839742181785323,0.129,0.259,0.41200000000000003,0.2
Oklahoma,40,2016,0.25717932793955484,0.14400000000000002,0.303,0.36200000000000004,0.191
Oregon,41,2016,0.24801465120860047,0.187,0.364,0.299,0.15
Pennsylvania,42,2016,0.23068116805863753,0.14600000000000002,0.218,0.439,0.197
Rhode Island,44,2016,0.2046287809349221,0.14499999999999996,0.247,0.364,0.244
South Carolina,45,2016,0.2240093695100527,0.15,0.27899999999999997,0.331,0.24
South Dakota,46,2016,0.3441113334923417,0.153,0.312,0.34900000000000003,0.186
Tennessee,47,2016,0.21669439110144845,0.122,0.246,0.387,0.246
Texas,48,2016,0.2598410214784962,0.162,0.287,0.295,0.257
Utah,49,2016,0.31986586639023434,0.19399999999999998,0.384,0.297,0.125
Vermont,50,2016,0.2874900230057749,0.208,0.271,0.376,0.14500000000000002
Virginia,51,2016,0.2557223245810099,0.20199999999999999,0.26999999999999996,0.31900000000000006,0.20800000000000002
Washington,53,2016,0.25454506384860454,0.19399999999999998,0.353,0.297,0.156
West Virginia,54,2016,0.18116444265080464,0.10099999999999999,0.20699999999999996,0.43400000000000005,0.259
Wisconsin,55,2016,0.2656928153526516,0.159,0.285,0.39499999999999996,0.161
Wyoming,56,2016,0.30321929118277224,0.152,0.34,0.363,0.14500000000000002
Puerto Rico,72,2016,0.13102306989424933,0.146,0.16899999999999998,0.271,0.41400000000000003
Alabama,1,2017,0.18344769527831042,0.145,0.26,0.36,0.23399999999999999
Alaska,2,2017,0.3256409361216819,0.17200000000000001,0.353,0.32,0.154
Arizona,4,2017,0.2254240053727842,0.198,0.34,0.28600000000000003,0.17600000000000002
Arkansas,5,2017,0.2134872440140781,0.124,0.27399999999999997,0.38299999999999995,0.22
California,6,2017,0.221641639597407,0.2,0.30100000000000005,0.25,0.24900000000000003
Colorado,8,2017,0.30158136931562557,0.242,0.33,0.28800000000000003,0.14
Connecticut,9,2017,0.24943485842217367,0.21899999999999997,0.235,0.355,0.191
Delaware,10,2017,0.22631312442791204,0.19299999999999998,0.257,0.37799999999999995,0.17199999999999996
District of Columbia,11,2017,0.3326454141926558,0.317,0.197,0.29800000000000004,0.188
Florida,12,2017,0.1981036845985177,0.18899999999999997,0.284,0.335,0.192
Georgia,13,2017,0.23099185686294482,0.16799999999999998,0.27,0.342,0.221
Hawaii,15,2017,0.23202939330470165,0.226,0.263,0.363,0.149
Idaho,16,2017,0.2929827088040181,0.157,0.353,0.33899999999999997,0.151
Illinois,17,2017,0.24007581507988143,0.17800000000000002,0.28800000000000003,0.34700000000000003,0.188
Indiana,18,2017,0.2561150246113347,0.135,0.258,0.40700000000000003,0.2
Iowa,19,2017,0.28718718872117077,0.151,0.3,0.399,0.15
Kansas,20,2017,0.3057759161110161,0.18,0.31,0.36200000000000004,0.147
Kentucky,21,2017,0.21274623698304387,0.114,0.253,0.382,0.251
Louisiana,22,2017,0.2318119282050632,0.132,0.239,0.375,0.255
Maine,23,2017,0.23765798697804302,0.177,0.272,0.38199999999999995,0.17
Maryland,24,2017,0.275136688130806,0.223,0.255,0.331,0.191
Massachusetts,25,2017,0.24481404603567036,0.21899999999999997,0.248,0.332,0.201
Michigan,26,2017,0.22166525167882944,0.14800000000000002,0.31,0.363,0.179
Minnesota,27,2017,0.30217732735382136,0.188,0.303,0.35900000000000004,0.151
Mississippi,28,2017,0.1934626719694642,0.112,0.279,0.354,0.254
Missouri,29,2017,0.24725140016241046,0.147,0.278,0.375,0.2
Montana,30,2017,0.2879116486672539,0.18100000000000002,0.319,0.366,0.13400000000000004
Nebraska,31,2017,0.32917340983188875,0.16799999999999998,0.33,0.35200000000000004,0.15
Nevada,32,2017,0.2579938409185597,0.163,0.334,0.332,0.171
New Hampshire,33,2017,0.27997533586203033,0.192,0.28800000000000003,0.372,0.14800000000000002
New Jersey,34,2017,0.23321666713426667,0.207,0.22799999999999998,0.361,0.20500000000000002
New Mexico,35,2017,0.2227043682208484,0.159,0.306,0.307,0.22799999999999998
New York,36,2017,0.21553989263305723,0.19,0.232,0.32799999999999996,0.25
North Carolina,37,2017,0.22077421570636876,0.161,0.29,0.33,0.22
North Dakota,38,2017,0.3631804038021625,0.162,0.336,0.35300000000000004,0.14900000000000002
Ohio,39,2017,0.24166378688698145,0.13499999999999998,0.262,0.41200000000000003,0.19100000000000003
Oklahoma,40,2017,0.26172316264933093,0.147,0.311,0.354,0.187
Oregon,41,2017,0.23886095301246985,0.192,0.375,0.293,0.14
Pennsylvania,42,2017,0.23874671818915913,0.155,0.229,0.43,0.18600000000000003
Rhode Island,44,2017,0.27443852360308285,0.17600000000000002,0.23800000000000002,0.348,0.23800000000000002
South Carolina,45,2017,0.21557547491218385,0.154,0.276,0.341,0.23000000000000004
South Dakota,46,2017,0.3295488754139251,0.179,0.304,0.365,0.152
Tennessee,47,2017,0.22471699162066547,0.135,0.256,0.379,0.23
Texas,48,2017,0.2647111338537537,0.17099999999999999,0.284,0.301,0.243
Utah,49,2017,0.3212163448208679,0.217,0.363,0.29600000000000004,0.12300000000000001
Vermont,50,2017,0.32155497946186534,0.22899999999999998,0.243,0.38,0.14800000000000002
Virginia,51,2017,0.2660125960014562,0.20600000000000004,0.271,0.32099999999999995,0.201
Washington,53,2017,0.25932672953841285,0.20399999999999993,0.36,0.293,0.14400000000000002
West Virginia,54,2017,0.17428141740453387,0.101,0.21300000000000002,0.4429999999999999,0.243
Wisconsin,55,2017,0.2654254573408463,0.16299999999999998,0.29,0.396,0.15
Wyoming,56,2017,0.3079659908436887,0.188,0.35400000000000004,0.34,0.118
Puerto Rico,72,2017,0.13770154866561657,0.155,0.16899999999999998,0.27699999999999997,0.399
Alabama,1,2018,0.1962970678960491,0.13999999999999999,0.266,0.35200000000000004,0.242
Alaska,2,2018,0.29992099895058305,0.191,0.35800000000000004,0.325,0.126
Arizona,4,2018,0.2344224345140773,0.18500000000000003,0.34500000000000003,0.295,0.175
Arkansas,5,2018,0.21355875886059333,0.121,0.278,0.392,0.20800000000000002
California,6,2018,0.2219729460493892,0.205,0.304,0.249,0.242
Colorado,8,2018,0.308707651128213,0.259,0.33399999999999996,0.276,0.131
Connecticut,9,2018,0.24556215486904148,0.19600000000000004,0.24400000000000002,0.376,0.185
Delaware,10,2018,0.24358143098933116,0.182,0.251,0.403,0.163
District of Columbia,11,2018,0.2594420070042051,0.29100000000000004,0.20800000000000002,0.29200000000000004,0.20900000000000002
Florida,12,2018,0.19955783933908774,0.192,0.28,0.33799999999999997,0.19
Georgia,13,2018,0.24105236676551522,0.17300000000000001,0.271,0.34400000000000003,0.21100000000000002
Hawaii,15,2018,0.23865370712507028,0.224,0.29700000000000004,0.338,0.14100000000000001
Idaho,16,2018,0.26334861944007953,0.174,0.341,0.33299999999999996,0.151
Illinois,17,2018,0.23746046194801368,0.182,0.292,0.34199999999999997,0.184
Indiana,18,2018,0.251448973576593,0.134,0.262,0.40399999999999997,0.2
Iowa,19,2018,0.28998482817020677,0.157,0.299,0.40099999999999997,0.14300000000000002
Kansas,20,2018,0.2927615941628434,0.185,0.32299999999999995,0.346,0.146
Kentucky,21,2018,0.2130243028242907,0.11800000000000001,0.257,0.383,0.243
Louisiana,22,2018,0.2240867129041231,0.135,0.24100000000000005,0.377,0.24800000000000003
Maine,23,2018,0.23980384775033062,0.178,0.29,0.384,0.147
Maryland,24,2018,0.28487260742001447,0.239,0.259,0.32,0.183
Massachusetts,25,2018,0.24712071412766004,0.21600000000000005,0.257,0.319,0.207
Michigan,26,2018,0.22954541153672928,0.146,0.314,0.369,0.17099999999999999
Minnesota,27,2018,0.30584201503362785,0.20500000000000002,0.304,0.355,0.13699999999999998
Mississippi,28,2018,0.19849605052489655,0.128,0.28,0.33399999999999996,0.257
Missouri,29,2018,0.23710636697901763,0.13799999999999998,0.294,0.386,0.18299999999999997
Montana,30,2018,0.3004115226337449,0.205,0.326,0.35100000000000003,0.118
Nebraska,31,2018,0.32764111232958054,0.172,0.332,0.35200000000000004,0.14300000000000002
Nevada,32,2018,0.2647699259885689,0.18100000000000002,0.348,0.302,0.169
New Hampshire,33,2018,0.2955218278352575,0.21600000000000003,0.265,0.365,0.154
New Jersey,34,2018,0.23135214699613968,0.21500000000000002,0.22200000000000003,0.36700000000000005,0.196
New Mexico,35,2018,0.2047060499880179,0.19399999999999998,0.284,0.28800000000000003,0.233
New York,36,2018,0.2138130498498266,0.201,0.231,0.325,0.243
North Carolina,37,2018,0.22989401397520445,0.168,0.297,0.319,0.216
North Dakota,38,2018,0.34899602085440007,0.16699999999999998,0.338,0.327,0.16699999999999998
Ohio,39,2018,0.24857165378122556,0.14300000000000002,0.273,0.4029999999999999,0.18100000000000002
Oklahoma,40,2018,0.26733194168660795,0.151,0.315,0.364,0.16999999999999998
Oregon,41,2018,0.25857050807992793,0.202,0.358,0.298,0.142
Pennsylvania,42,2018,0.24145338006816874,0.151,0.235,0.439,0.175
Rhode Island,44,2018,0.24758355235756244,0.16,0.23800000000000002,0.385,0.217
South Carolina,45,2018,0.2156470489230492,0.156,0.27899999999999997,0.35,0.215
South Dakota,46,2018,0.3516019294237116,0.193,0.298,0.39,0.11900000000000001
Tennessee,47,2018,0.23098611630564378,0.13799999999999998,0.263,0.37,0.22899999999999998
Texas,48,2018,0.2669024747713312,0.17200000000000001,0.28800000000000003,0.302,0.237
Utah,49,2018,0.3112065855498344,0.222,0.353,0.299,0.126
Vermont,50,2018,0.29719933709298585,0.188,0.249,0.41200000000000003,0.151
Virginia,51,2018,0.2524046359463585,0.216,0.273,0.314,0.19699999999999998
Washington,53,2018,0.26146271062204357,0.21300000000000002,0.37200000000000005,0.286,0.129
West Virginia,54,2018,0.18195035186760497,0.11800000000000001,0.23299999999999998,0.424,0.22500000000000003
Wisconsin,55,2018,0.25857307065998275,0.166,0.28600000000000003,0.397,0.151
Wyoming,56,2018,0.3178054282180019,0.166,0.366,0.35000000000000003,0.11699999999999999
Puerto Rico,72,2018,0.1324890990872636,0.16,0.184,0.278,0.378
Alabama,1,2019,0.2150663978594369,0.152,0.276,0.349,0.222
Alaska,2,2019,0.30757357614433767,0.184,0.368,0.338,0.11
Arizona,4,2019,0.23752691265243012,0.195,0.35100000000000003,0.28,0.17499999999999996
Arkansas,5,2019,0.2227311175754575,0.127,0.28,0.389,0.20400000000000001
California,6,2019,0.22712276934354045,0.209,0.303,0.24600000000000002,0.242
Colorado,8,2019,0.3087028266889784,0.257,0.33799999999999997,0.28600000000000003,0.11900000000000001
Connecticut,9,2019,0.2615816969549132,0.221,0.237,0.34500000000000003,0.198
Delaware,10,2019,0.25062270002731846,0.19699999999999998,0.272,0.36500000000000005,0.166
District of Columbia,11,2019,0.23076402609001598,0.23900000000000002,0.233,0.3,0.228
Florida,12,2019,0.2060966602340237,0.20099999999999998,0.27899999999999997,0.335,0.18600000000000003
Georgia,13,2019,0.23805975421997952,0.16999999999999998,0.28500000000000003,0.342,0.20299999999999999
Hawaii,15,2019,0.21561328596108087,0.206,0.281,0.349,0.163
Idaho,16,2019,0.2971930214468274,0.17300000000000001,0.37,0.326,0.13099999999999998
Illinois,17,2019,0.24535396915029573,0.17900000000000002,0.28800000000000003,0.34800000000000003,0.185
Indiana,18,2019,0.26255589821281533,0.14200000000000002,0.261,0.413,0.184
Iowa,19,2019,0.28420870567886997,0.165,0.301,0.4,0.134
Kansas,20,2019,0.31041509942400325,0.193,0.32799999999999996,0.35300000000000004,0.127
Kentucky,21,2019,0.23172356596103383,0.118,0.26,0.38,0.24200000000000002
Louisiana,22,2019,0.2416670050242339,0.147,0.259,0.35700000000000004,0.23600000000000002
Maine,23,2019,0.2600823248132903,0.195,0.271,0.38400000000000006,0.151
Maryland,24,2019,0.27258295971396834,0.241,0.24900000000000003,0.327,0.184
Massachusetts,25,2019,0.26078762636738795,0.22899999999999998,0.252,0.33199999999999996,0.187
Michigan,26,2019,0.2369980146314824,0.153,0.311,0.368,0.168
Minnesota,27,2019,0.301896124720331,0.203,0.308,0.357,0.132
Mississippi,28,2019,0.21303540135499394,0.13,0.27199999999999996,0.342,0.256
Missouri,29,2019,0.24480570671382326,0.147,0.28300000000000003,0.392,0.17800000000000002
Montana,30,2019,0.2849270280866047,0.201,0.32,0.368,0.11199999999999999
Nebraska,31,2019,0.32469297173271144,0.183,0.33899999999999997,0.35200000000000004,0.126
Nevada,32,2019,0.24713328348151456,0.191,0.333,0.313,0.16299999999999998
New Hampshire,33,2019,0.28930670082940885,0.202,0.281,0.377,0.139
New Jersey,34,2019,0.24530138185530714,0.22399999999999998,0.225,0.365,0.18600000000000003
New Mexico,35,2019,0.23476405565517397,0.16599999999999998,0.292,0.317,0.225
New York,36,2019,0.21661833713184023,0.20299999999999999,0.23300000000000004,0.326,0.23800000000000002
North Carolina,37,2019,0.23003822747113295,0.172,0.305,0.32799999999999996,0.19499999999999998
North Dakota,38,2019,0.3556974980578813,0.174,0.35,0.34,0.136
Ohio,39,2019,0.2539432418470563,0.142,0.266,0.4139999999999999,0.17800000000000002
Oklahoma,40,2019,0.2687198346781995,0.157,0.301,0.365,0.17700000000000002
Oregon,41,2019,0.269027728833703,0.209,0.363,0.29100000000000004,0.13699999999999998
Pennsylvania,42,2019,0.24746750880602453,0.155,0.234,0.43400000000000005,0.17600000000000002
Rhode Island,44,2019,0.24077777172602144,0.17600000000000002,0.244,0.37100000000000005,0.20800000000000002
South Carolina,45,2019,0.22161667447833114,0.17700000000000002,0.28300000000000003,0.329,0.21100000000000002
South Dakota,46,2019,0.35470233291056535,0.163,0.319,0.35900000000000004,0.159
Tennessee,47,2019,0.2354677225772699,0.13899999999999998,0.257,0.37799999999999995,0.22699999999999998
Texas,48,2019,0.2740971664527226,0.179,0.294,0.302,0.225
Utah,49,2019,0.3400305517437796,0.223,0.363,0.299,0.115
Vermont,50,2019,0.2875935952079254,0.209,0.254,0.379,0.157
Virginia,51,2019,0.2741232822696505,0.215,0.26999999999999996,0.31899999999999995,0.19699999999999998
Washington,53,2019,0.2647315233649913,0.215,0.369,0.284,0.132
West Virginia,54,2019,0.20418394841209772,0.10400000000000001,0.22600000000000003,0.44199999999999995,0.228
Wisconsin,55,2019,0.2710381980609898,0.167,0.293,0.401,0.138
Wyoming,56,2019,0.3401761603822935,0.188,0.341,0.383,0.08800000000000001
Puerto Rico,72,2019,0.12895861849136558,0.16,0.17700000000000002,0.28800000000000003,0.375
Alabama,1,2021,0.2153826411694767,0.157,0.28200000000000003,0.36,0.201
Alaska,2,2021,0.3222944380800973,0.20900000000000002,0.364,0.317,0.111
Arizona,4,2021,0.2678399324467709,0.214,0.35800000000000004,0.272,0.156
Arkansas,5,2021,0.23415915537875354,0.13699999999999998,0.277,0.41500000000000004,0.171
California,6,2021,0.2402425621795574,0.223,0.299,0.248,0.22999999999999998
Colorado,8,2021,0.32998484707508674,0.28600000000000003,0.33099999999999996,0.263,0.12
Connecticut,9,2021,0.2724659583868895,0.24100000000000002,0.24,0.33899999999999997,0.18
Delaware,10,2021,0.2793729140614001,0.223,0.279,0.356,0.14100000000000001
District of Columbia,11,2021,0.2880076970654938,0.327,0.263,0.26899999999999996,0.14100000000000001
Florida,12,2021,0.22718683928731048,0.22600000000000003,0.292,0.322,0.161
Georgia,13,2021,0.2607913965724842,0.20099999999999998,0.287,0.323,0.189
Hawaii,15,2021,0.2269690554365326,0.254,0.29100000000000004,0.33099999999999996,0.12400000000000001
Idaho,16,2021,0.31047172416066726,0.197,0.335,0.328,0.139
Illinois,17,2021,0.26135427012790224,0.20600000000000002,0.297,0.33599999999999997,0.161
Indiana,18,2021,0.271493376670447,0.146,0.28400000000000003,0.408,0.162
Iowa,19,2021,0.2993881249102773,0.17800000000000002,0.312,0.392,0.11800000000000002
Kansas,20,2021,0.3130292492204231,0.2,0.32799999999999996,0.355,0.117
Kentucky,21,2021,0.22981133106548082,0.132,0.266,0.38799999999999996,0.214
Louisiana,22,2021,0.23858457292280538,0.16699999999999998,0.26,0.35700000000000004,0.21600000000000003
Maine,23,2021,0.23729932259745415,0.207,0.27899999999999997,0.3929999999999999,0.12100000000000001
Maryland,24,2021,0.29520401730261475,0.262,0.264,0.316,0.158
Massachusetts,25,2021,0.2564989669557436,0.255,0.248,0.31,0.188
Michigan,26,2021,0.23715388500942766,0.175,0.317,0.36200000000000004,0.146
Minnesota,27,2021,0.31223119880371064,0.219,0.325,0.33699999999999997,0.11900000000000001
Mississippi,28,2021,0.226335171912673,0.159,0.293,0.337,0.21100000000000002
Missouri,29,2021,0.26774177095676455,0.163,0.28800000000000003,0.388,0.16
Montana,30,2021,0.28188693229388273,0.228,0.329,0.339,0.104
Nebraska,31,2021,0.34795804035395733,0.193,0.33299999999999996,0.353,0.122
Nevada,32,2021,0.26554172903455814,0.19399999999999995,0.33599999999999997,0.305,0.165
New Hampshire,33,2021,0.3081836175877268,0.249,0.282,0.354,0.11499999999999999
New Jersey,34,2021,0.24164335280193627,0.23700000000000002,0.229,0.35600000000000004,0.17800000000000002
New Mexico,35,2021,0.22851359604112495,0.198,0.31,0.3,0.192
New York,36,2021,0.22618569436016625,0.229,0.242,0.316,0.213
North Carolina,37,2021,0.2460770757387028,0.188,0.308,0.326,0.17800000000000002
North Dakota,38,2021,0.35188190395183044,0.181,0.363,0.327,0.128
Ohio,39,2021,0.2568105985429805,0.155,0.27799999999999997,0.41200000000000003,0.156
Oklahoma,40,2021,0.2851897028895733,0.16299999999999998,0.314,0.361,0.162
Oregon,41,2021,0.26762912458137084,0.22599999999999998,0.378,0.271,0.125
Pennsylvania,42,2021,0.25095979417035597,0.18,0.239,0.43000000000000005,0.152
Rhode Island,44,2021,0.2696118672139411,0.198,0.24200000000000002,0.349,0.211
South Carolina,45,2021,0.23382865276726233,0.18000000000000002,0.29000000000000004,0.345,0.186
South Dakota,46,2021,0.3258847418294334,0.213,0.317,0.3520000000000001,0.11800000000000001
Tennessee,47,2021,0.2357658606001108,0.15899999999999997,0.27,0.37800000000000006,0.192
Texas,48,2021,0.3064623104614378,0.195,0.304,0.29600000000000004,0.205
Utah,49,2021,0.37097796419619794,0.23899999999999996,0.366,0.282,0.113
Vermont,50,2021,0.2835858284623643,0.292,0.26999999999999996,0.325,0.11199999999999999
Virginia,51,2021,0.2826476899090783,0.24,0.273,0.32,0.16800000000000004
Washington,53,2021,0.2713875371072086,0.237,0.35600000000000004,0.28400000000000003,0.124
West Virginia,54,2021,0.19293361334283823,0.121,0.21100000000000002,0.465,0.20400000000000001
Wisconsin,55,2021,0.2856575697655631,0.19,0.307,0.383,0.11999999999999998
Wyoming,56,2021,0.3184969775300564,0.189,0.391,0.336,0.083
Puerto Rico,72,2021,0.13181517039035096,0.166,0.178,0.301,0.35600000000000004
Alabama,1,2022,0.24856397722531534,0.172,0.292,0.35500000000000004,0.18100000000000002
Alaska,2,2022,0.3470456072082088,0.17,0.375,0.329,0.126
Arizona,4,2022,0.28735020551775814,0.22599999999999998,0.338,0.28600000000000003,0.15
Arkansas,5,2022,0.2450624619921858,0.153,0.288,0.39099999999999996,0.168
California,6,2022,0.2661404445866737,0.232,0.292,0.245,0.231
Colorado,8,2022,0.35143786843027697,0.294,0.313,0.272,0.121
Connecticut,9,2022,0.27317679130737405,0.23099999999999998,0.24100000000000002,0.358,0.171
Delaware,10,2022,0.2896974262784047,0.235,0.282,0.35700000000000004,0.127
District of Columbia,11,2022,0.3447194961183536,0.358,0.212,0.264,0.165
Florida,12,2022,0.24508878477196716,0.232,0.294,0.316,0.158
Georgia,13,2022,0.285229624127398,0.20600000000000002,0.28300000000000003,0.335,0.17600000000000002
Hawaii,15,2022,0.26278862385938545,0.239,0.294,0.342,0.125
Idaho,16,2022,0.32710154246747164,0.204,0.35899999999999993,0.314,0.123
Illinois,17,2022,0.281802321381939,0.21600000000000005,0.2960000000000001,0.33000000000000007,0.158
Indiana,18,2022,0.3030732111330998,0.159,0.278,0.397,0.166
Iowa,19,2022,0.3374387385467718,0.193,0.304,0.3960000000000001,0.107
Kansas,20,2022,0.33377444732205924,0.209,0.33,0.336,0.125
Kentucky,21,2022,0.2556786525521793,0.14200000000000002,0.265,0.38699999999999996,0.20600000000000002
Louisiana,22,2022,0.2610329223820628,0.165,0.27399999999999997,0.361,0.19999999999999998
Maine,23,2022,0.2731162488749871,0.221,0.29,0.385,0.10400000000000001
Maryland,24,2022,0.30751521692080086,0.275,0.26,0.307,0.158
Massachusetts,25,2022,0.2767174591518267,0.25,0.24700000000000003,0.312,0.191
Michigan,26,2022,0.262513498133785,0.175,0.315,0.357,0.15300000000000002
Minnesota,27,2022,0.31924707862622603,0.228,0.323,0.338,0.11199999999999999
Mississippi,28,2022,0.2537473900400512,0.14400000000000002,0.29800000000000004,0.355,0.204
Missouri,29,2022,0.28167257442788357,0.172,0.291,0.384,0.152
Montana,30,2022,0.3304793155671281,0.22,0.32599999999999996,0.337,0.117
Nebraska,31,2022,0.3360736368746487,0.215,0.322,0.344,0.11900000000000001
Nevada,32,2022,0.32279627885740375,0.21499999999999997,0.345,0.292,0.14800000000000002
New Hampshire,33,2022,0.3029600611946872,0.256,0.313,0.32499999999999996,0.107
New Jersey,34,2022,0.2773741683714334,0.249,0.225,0.36000000000000004,0.16500000000000004
New Mexico,35,2022,0.2657573848042217,0.197,0.335,0.303,0.165
New York,36,2022,0.24209079280358622,0.22999999999999998,0.237,0.315,0.21700000000000003
North Carolina,37,2022,0.26607797363788704,0.21,0.304,0.321,0.165
North Dakota,38,2022,0.3616911514696744,0.187,0.36700000000000005,0.341,0.106
Ohio,39,2022,0.27876542335562,0.16799999999999998,0.2780000000000001,0.40099999999999997,0.152
Oklahoma,40,2022,0.3035110929067229,0.182,0.314,0.361,0.14300000000000002
Oregon,41,2022,0.2896184131992838,0.221,0.367,0.28800000000000003,0.12400000000000001
Pennsylvania,42,2022,0.27657632003589705,0.189,0.244,0.423,0.14300000000000002
Rhode Island,44,2022,0.29997471329337044,0.228,0.258,0.321,0.19299999999999998
South Carolina,45,2022,0.2575152954908935,0.185,0.293,0.34600000000000003,0.176
South Dakota,46,2022,0.34152852054012756,0.202,0.3,0.373,0.126
Tennessee,47,2022,0.2686735862825274,0.172,0.275,0.377,0.17600000000000002
Texas,48,2022,0.32467489240348707,0.21,0.29500000000000004,0.299,0.197
Utah,49,2022,0.4005734634417056,0.251,0.363,0.27899999999999997,0.10800000000000001
Vermont,50,2022,0.3327319530923412,0.263,0.27399999999999997,0.35700000000000004,0.10599999999999998
Virginia,51,2022,0.29090650456998834,0.245,0.27699999999999997,0.317,0.161
Washington,53,2022,0.3017529687868134,0.23900000000000002,0.371,0.274,0.11599999999999999
West Virginia,54,2022,0.19043762149229926,0.137,0.23199999999999998,0.431,0.2
Wisconsin,55,2022,0.30291054287939284,0.192,0.306,0.392,0.11
Wyoming,56,2022,0.32748515707438625,0.168,0.383,0.335,0.11400000000000002
Puerto Rico,72,2022,0.1616368625942411,0.182,0.198,0.295,0.325
Alabama,1,2023,0.2568730799425466,0.175,0.29000000000000004,0.35,0.18500000000000003
Alaska,2,2023,0.37369903142954397,0.218,0.322,0.349,0.111
Arizona,4,2023,0.28402756716620825,0.218,0.353,0.285,0.14400000000000002
Arkansas,5,2023,0.2680124260613596,0.153,0.301,0.386,0.16
California,6,2023,0.2681859338414491,0.236,0.293,0.245,0.226
Colorado,8,2023,0.3702335661348878,0.312,0.331,0.256,0.10099999999999999
Connecticut,9,2023,0.3041865638260575,0.23600000000000002,0.254,0.34700000000000003,0.163
Delaware,10,2023,0.3157804752949222,0.229,0.256,0.37799999999999995,0.138
District of Columbia,11,2023,0.3760754353362241,0.348,0.19,0.281,0.18
Florida,12,2023,0.24741489786977616,0.235,0.295,0.317,0.153
Georgia,13,2023,0.2957747101765476,0.21100000000000005,0.3,0.32,0.169
Hawaii,15,2023,0.2548927036270511,0.24200000000000002,0.288,0.353,0.11699999999999999
Idaho,16,2023,0.3433495222899027,0.214,0.368,0.29499999999999993,0.122
Illinois,17,2023,0.2965972148070584,0.221,0.29600000000000004,0.334,0.149
Indiana,18,2023,0.29790701654621843,0.171,0.28099999999999997,0.38799999999999996,0.16
Iowa,19,2023,0.34724817634734084,0.17300000000000001,0.318,0.406,0.10300000000000002
Kansas,20,2023,0.3541503460857434,0.20300000000000004,0.33499999999999996,0.32899999999999996,0.133
Kentucky,21,2023,0.2680536961417144,0.14900000000000002,0.266,0.40499999999999997,0.18
Louisiana,22,2023,0.26291290250968935,0.162,0.262,0.377,0.2
Maine,23,2023,0.2790969825351445,0.219,0.297,0.38600000000000007,0.098
Maryland,24,2023,0.31197580840645756,0.275,0.248,0.327,0.149
Massachusetts,25,2023,0.3021705133478082,0.272,0.22699999999999998,0.316,0.185
Michigan,26,2023,0.2669944539561292,0.183,0.321,0.34700000000000003,0.14900000000000002
Minnesota,27,2023,0.3503255610459131,0.228,0.33199999999999996,0.335,0.10500000000000001
Mississippi,28,2023,0.26211681003652293,0.163,0.315,0.335,0.188
Missouri,29,2023,0.29834210677729467,0.19699999999999998,0.295,0.369,0.139
Montana,30,2023,0.35022872000670996,0.237,0.34,0.327,0.097
Nebraska,31,2023,0.38347252558996103,0.21200000000000002,0.347,0.3339999999999999,0.10600000000000001
Nevada,32,2023,0.3214458165351693,0.19799999999999998,0.342,0.306,0.154
New Hampshire,33,2023,0.35134970040593744,0.24000000000000002,0.302,0.33799999999999997,0.12000000000000001
New Jersey,34,2023,0.2931780144419069,0.251,0.228,0.34800000000000003,0.17300000000000001
New Mexico,35,2023,0.278669761139381,0.21,0.308,0.306,0.17600000000000002
New York,36,2023,0.24916688267179385,0.233,0.24600000000000002,0.315,0.20600000000000002
North Carolina,37,2023,0.279220812742399,0.221,0.305,0.31899999999999995,0.155
North Dakota,38,2023,0.36813755257180125,0.197,0.36200000000000004,0.341,0.099
Ohio,39,2023,0.295815484374349,0.17600000000000002,0.28700000000000003,0.39399999999999996,0.143
Oklahoma,40,2023,0.3079221007553828,0.182,0.322,0.34900000000000003,0.147
Oregon,41,2023,0.2979990986782265,0.232,0.376,0.278,0.114
Pennsylvania,42,2023,0.28757048015508924,0.19000000000000003,0.24100000000000002,0.425,0.14300000000000002
Rhode Island,44,2023,0.29149917809732984,0.212,0.255,0.331,0.201
South Carolina,45,2023,0.2724446933632036,0.203,0.304,0.325,0.168
South Dakota,46,2023,0.371504364037732,0.20600000000000002,0.321,0.37099999999999994,0.10200000000000001
Tennessee,47,2023,0.2805298226467717,0.175,0.27,0.384,0.17099999999999999
Texas,48,2023,0.33211015500423785,0.217,0.303,0.287,0.19399999999999998
Utah,49,2023,0.39498810897360426,0.24800000000000003,0.358,0.28800000000000003,0.106
Vermont,50,2023,0.3016908240591382,0.258,0.26799999999999996,0.374,0.1
Virginia,51,2023,0.3086290801186944,0.246,0.278,0.325,0.151
Washington,53,2023,0.3162237513820314,0.256,0.3499999999999999,0.28200000000000003,0.113
West Virginia,54,2023,0.2251078232997333,0.134,0.22199999999999998,0.44599999999999995,0.198
Wisconsin,55,2023,0.3152978805939586,0.20099999999999998,0.293,0.386,0.12000000000000001
Wyoming,56,2023,0.32608447560960147,0.218,0.36,0.34400000000000003,0.079
Puerto Rico,72,2023,0.16523278686709145,0.195,0.2,0.29,0.316
Alabama,1,2024,0.261664451432752,0.17800000000000002,0.3,0.35700000000000004,0.165
Alaska,2,2024,0.35065753452960197,0.22199999999999998,0.344,0.33199999999999996,0.102
Arizona,4,2024,0.2883252342333318,0.23800000000000002,0.35400000000000004,0.276,0.132
Arkansas,5,2024,0.25758768117644293,0.155,0.277,0.39599999999999996,0.171
California,6,2024,0.26810672837711114,0.242,0.289,0.24100000000000002,0.227
Colorado,8,2024,0.3672409574130634,0.313,0.32499999999999996,0.264,0.098
Connecticut,9,2024,0.2869655830764634,0.249,0.242,0.349,0.161
Delaware,10,2024,0.30261890936353814,0.224,0.273,0.3620000000000001,0.142
District of Columbia,11,2024,0.33995560759061416,0.37,0.23399999999999999,0.23600000000000004,0.15899999999999997
Florida,12,2024,0.25348064001047627,0.252,0.28600000000000003,0.316,0.146
Georgia,13,2024,0.2963027430631885,0.22099999999999997,0.289,0.327,0.16299999999999998
Hawaii,15,2024,0.2585282992434856,0.263,0.29100000000000004,0.332,0.114
Idaho,16,2024,0.34901422143009697,0.21100000000000002,0.35200000000000004,0.322,0.114
Illinois,17,2024,0.29032499860307975,0.231,0.289,0.32899999999999996,0.15
Indiana,18,2024,0.3121890218291732,0.171,0.27599999999999997,0.406,0.14600000000000002
Iowa,19,2024,0.33765206005086673,0.184,0.32,0.384,0.112
Kansas,20,2024,0.3312965755251569,0.21499999999999997,0.336,0.335,0.114
Kentucky,21,2024,0.26944222650154737,0.15,0.276,0.386,0.18799999999999997
Louisiana,22,2024,0.277229984391061,0.16999999999999998,0.273,0.371,0.186
Maine,23,2024,0.2849964571687916,0.222,0.286,0.392,0.1
Maryland,24,2024,0.33026677374690017,0.295,0.252,0.314,0.139
Massachusetts,25,2024,0.29379977416435443,0.268,0.24,0.316,0.177
Michigan,26,2024,0.27692226426832683,0.189,0.33,0.347,0.134
Minnesota,27,2024,0.33526158186497723,0.231,0.317,0.345,0.106
Mississippi,28,2024,0.2634664442700157,0.165,0.309,0.33899999999999997,0.18600000000000003
Missouri,29,2024,0.30972478549093746,0.19,0.292,0.375,0.14400000000000002
Montana,30,2024,0.3256526261382272,0.225,0.33199999999999996,0.344,0.098
Nebraska,31,2024,0.35932706452074825,0.20400000000000001,0.35100000000000003,0.332,0.11299999999999999
Nevada,32,2024,0.32914134682720764,0.209,0.331,0.302,0.157
New Hampshire,33,2024,0.3371361027763961,0.26399999999999996,0.284,0.34700000000000003,0.105
New Jersey,34,2024,0.2871613373115552,0.264,0.227,0.3379999999999999,0.17
New Mexico,35,2024,0.2709908870218018,0.23399999999999999,0.311,0.293,0.162
New York,36,2024,0.25854779345274026,0.24,0.234,0.307,0.21899999999999997
North Carolina,37,2024,0.2896538654904226,0.222,0.305,0.322,0.15100000000000002
North Dakota,38,2024,0.36538736853697484,0.182,0.36,0.32799999999999996,0.131
Ohio,39,2024,0.2940750741487423,0.173,0.292,0.395,0.14
Oklahoma,40,2024,0.3161095062482491,0.197,0.315,0.35200000000000004,0.135
Oregon,41,2024,0.30405056453943724,0.23499999999999996,0.35600000000000004,0.294,0.115
Pennsylvania,42,2024,0.2850789729618973,0.20199999999999999,0.245,0.41600000000000004,0.137
Rhode Island,44,2024,0.3135258748432691,0.23,0.244,0.35700000000000004,0.16799999999999998
South Carolina,45,2024,0.27888881149605116,0.205,0.295,0.34099999999999997,0.159
South Dakota,46,2024,0.37214645651473877,0.21600000000000003,0.345,0.3379999999999999,0.101
Tennessee,47,2024,0.28094712982297004,0.18899999999999997,0.276,0.368,0.16699999999999998
Texas,48,2024,0.3311904689068666,0.21600000000000005,0.299,0.294,0.191
Utah,49,2024,0.3885183800406352,0.255,0.353,0.29600000000000004,0.095
Vermont,50,2024,0.30524436851845765,0.27,0.253,0.35700000000000004,0.121
Virginia,51,2024,0.3035838530775175,0.259,0.279,0.309,0.153
Washington,53,2024,0.3190818780305121,0.259,0.34400000000000003,0.275,0.12300000000000001
West Virginia,54,2024,0.23447409674413386,0.14,0.24600000000000002,0.43900000000000006,0.175
Wisconsin,55,2024,0.31859066437442035,0.20900000000000002,0.302,0.38,0.10999999999999999
Wyoming,56,2024,0.3279440311632815,0.252,0.34,0.331,0.077
Puerto Rico,72,2024,0.15783743205801537,0.18,0.20699999999999996,0.295,0.317
