state,state_fips,year,employment_rate,talent_pool_size,talent_pool_log,talent_pool_share
Alabama,1,2010,0.1872044666328881,760409.0,13.541611725402223,0.16169388715456787
Alaska,2,2010,0.3373761702005649,75157.0,11.22733453788246,0.10904187020945987
Arizona,4,2010,0.20334463858522847,705940.0,13.467285527028185,0.1118733017504747
Arkansas,5,2010,0.20450496221726167,467726.0,13.05563793335978,0.16310650224176151
California,6,2010,0.19854628876210545,3640092.0,15.107519514018797,0.09887371291205631
Colorado,8,2010,0.2734860940001803,498680.0,13.119719886458912,0.1006037475642406
Connecticut,9,2010,0.2396280296669872,367557.0,12.814633687648767,0.10442218316191337
Delaware,10,2010,0.2347011885716529,108444.0,11.593989189689957,0.12250347931389738
District of Columbia,11,2010,,66187.0,11.100239348018722,0.11137305185080483
Florida,12,2010,0.18373264146989338,2366590.0,14.676960658452527,0.1276885538592391
Georgia,13,2010,0.20861269973664948,1112830.0,13.922416878250269,0.11689592131629159
Hawaii,15,2010,0.24757204024671264,140600.0,11.853674258358701,0.10686513483172541
Idaho,16,2010,0.25946314501120543,195748.0,12.18458339668719,0.1261559580700358
Illinois,17,2010,0.21710982620410013,1291233.0,14.071108133792048,0.10188653340166627
Indiana,18,2010,0.22180332425671098,799586.0,13.591849372700725,0.12510205007611708
Iowa,19,2010,0.2849585386218633,336654.0,12.726810975679165,0.11203556874888723
Kansas,20,2010,0.28612143703317316,341426.0,12.740886243443265,0.12174389303327805
Kentucky,21,2010,0.18464456204253113,711057.0,13.474507874348404,0.16759484612915224
Louisiana,22,2010,0.23202795373553428,671831.0,13.417762099781614,0.15130258806021377
Maine,23,2010,0.19019519820000108,198362.0,12.1978489232302,0.15107114270199545
Maryland,24,2010,0.2541189731304196,581208.0,13.272863975208447,0.10218147052794323
Massachusetts,25,2010,0.21428813288022064,699252.0,13.457766471267481,0.10794145846284084
Michigan,26,2010,0.18884129247180476,1324841.0,14.096803010201883,0.13569070196154465
Minnesota,27,2010,0.27844768247070434,522643.0,13.166653909586937,0.09951139469757955
Mississippi,28,2010,0.19120692389605093,472835.0,13.066501769406916,0.16288327528232907
Missouri,29,2010,0.21968814380401372,814231.0,13.60999938850946,0.13847786275328816
Montana,30,2010,0.275505793207496,125302.0,11.738482102448712,0.12844083717897992
Nebraska,31,2010,0.2960616723577913,205958.0,12.235427543489507,0.11429100984490433
Nevada,32,2010,0.2538602892821309,283182.0,12.55384507945969,0.10610176375420294
New Hampshire,33,2010,0.2647849764414182,145812.0,11.890073399696613,0.11193584715335561
New Jersey,34,2010,0.22654747621110305,844976.0,13.647063503569091,0.09719583769145392
New Mexico,35,2010,0.22116840428953582,269338.0,12.50372237541769,0.13250264795722339
New York,36,2010,0.19450399141891056,2020411.0,14.518811514027655,0.10559116383834856
North Carolina,37,2010,0.20945848784462737,1235138.0,14.026693262692355,0.13194986977949527
North Dakota,38,2010,0.3189264498744565,68797.0,11.138915418319561,0.10414146903397006
Ohio,39,2010,0.21799329798710093,1506324.0,14.225182803645035,0.1326148200840946
Oklahoma,40,2010,0.2571153282842705,576551.0,13.264819079652705,0.15679050888092752
Oregon,41,2010,0.22203259542000298,525066.0,13.171279247958097,0.13820774197725938
Pennsylvania,42,2010,0.2093030585164009,1638378.0,14.309217286002799,0.13100735646889494
Rhode Island,44,2010,0.21515898067595657,140125.0,11.850290160374461,0.1351588580776528
South Carolina,45,2010,0.18698849523911953,628776.0,13.351530351429789,0.1385935349202693
South Dakota,46,2010,0.27699713765287537,90173.0,11.409485326429579,0.11297878445036653
Tennessee,47,2010,0.18914445477439096,947295.0,13.761365833690718,0.15133605536248157
Texas,48,2010,0.2546222015939297,2863514.0,14.867560099925802,0.11556003058986378
Utah,49,2010,0.27667520022547387,233861.0,12.362482200747769,0.08502941803127888
Vermont,50,2010,0.2734989784485599,81990.0,11.314352567590223,0.1322662554082525
Virginia,51,2010,0.22484439277523008,844951.0,13.647033916492251,0.10822415508537012
Washington,53,2010,0.2364111773269345,791733.0,13.581979492746312,0.11927136773413882
West Virginia,54,2010,0.17667728793430118,344503.0,12.749858077670792,0.18893730955614105
Wisconsin,55,2010,0.246792723919605,605869.0,13.314419070065838,0.10793258704792566
Wyoming,56,2010,,65570.0,11.090873553257666,0.11814201545918092
Puerto Rico,72,2010,0.14360481007780304,726334.0,13.495765243110451,0.1965382954381871
Alabama,1,2011,0.1837316585148955,764988.0,13.547615426411133,0.16207142822337056
Alaska,2,2011,0.30656015282420873,73731.0,11.208178613891855,0.10543965724353327
Arizona,4,2011,0.2026619682741728,732730.0,13.504532563761881,0.11487893287845626
Arkansas,5,2011,0.2190721022813932,485364.0,13.092654403887643,0.16822472664053803
California,6,2011,0.19532333124343226,3749792.0,15.137210929741595,0.10090450704620275
Colorado,8,2011,0.2793963416032643,516135.0,13.154123638152065,0.10271578354529506
Connecticut,9,2011,0.23623478671529607,377847.0,12.842244630758753,0.10726034991820216
Delaware,10,2011,0.24365300793311953,107659.0,11.586724103570974,0.12067608829186713
District of Columbia,11,2011,,67435.0,11.118919449950958,0.11088273741501073
Florida,12,2011,0.1733935828895685,2420035.0,14.6992925608382,0.12905274416026113
Georgia,13,2011,0.206920432547894,1161966.0,13.965623956069185,0.12078975107435336
Hawaii,15,2011,0.21226027655325722,140996.0,11.856486800163577,0.10632661294883734
Idaho,16,2011,0.23643189602177922,200237.0,12.20725694397185,0.1278942544446538
Illinois,17,2011,0.21628142721581506,1317307.0,14.091100059103443,0.10382301206351889
Indiana,18,2011,0.23051661112121546,842673.0,13.644334261375317,0.13130566295045346
Iowa,19,2011,0.25984561526124966,342642.0,12.744441449302336,0.11355293267693246
Kansas,20,2011,0.2812283558900058,345718.0,12.753378692821494,0.12287695528393157
Kentucky,21,2011,0.18309267079712008,720354.0,13.487498036830452,0.16813584862325898
Louisiana,22,2011,0.23055689463979165,680573.0,13.430690369383395,0.15214903954064637
Maine,23,2011,0.21376952036064548,203389.0,12.222875680504885,0.15477189695621635
Maryland,24,2011,0.2456908464921834,586467.0,13.281871679508022,0.10223272091354652
Massachusetts,25,2011,0.20731221344294695,737748.0,13.51135758185607,0.11336720964239329
Michigan,26,2011,0.19432142159116356,1356359.0,14.120314461705114,0.1389383819765535
Minnesota,27,2011,0.268861654480182,532902.0,13.186092821327184,0.10079996549850871
Mississippi,28,2011,0.2026509499651845,471504.0,13.063682864582761,0.16192809217356482
Missouri,29,2011,0.22177947243080046,822470.0,13.620067286792331,0.1394260826639507
Montana,30,2011,0.2734732701360676,130582.0,11.779756660904539,0.1328113716851062
Nebraska,31,2011,0.29291829058665353,189914.0,12.154326617095082,0.10467110673130554
Nevada,32,2011,0.24231682627305653,303879.0,12.62438487483907,0.11309275921859002
New Hampshire,33,2011,0.2396862722809909,151658.0,11.929383264775119,0.1163139213478665
New Jersey,34,2011,0.2148386755175645,871783.0,13.678295818711009,0.10005564111116033
New Mexico,35,2011,0.22132895189331703,276797.0,12.53103966451663,0.13520482678647663
New York,36,2011,0.1981381533668997,2091270.0,14.553282094895538,0.10887257301082405
North Carolina,37,2011,0.20449207769683764,1257117.0,14.044331561999776,0.13287333350385763
North Dakota,38,2011,0.3113865684601335,69721.0,11.152256842617728,0.10415057698771334
Ohio,39,2011,0.21529740218737028,1517210.0,14.232383679864007,0.13345029361157987
Oklahoma,40,2011,0.24800672278884434,577032.0,13.265653003224525,0.15551880568180837
Oregon,41,2011,0.2259247435928918,523018.0,13.167371159280819,0.13646416047424229
Pennsylvania,42,2011,0.20790988193574608,1671648.0,14.329320524147219,0.13330784639606652
Rhode Island,44,2011,0.19570363054287854,123240.0,11.721888952710604,0.11905900492408104
South Carolina,45,2011,0.18566806912851802,630828.0,13.35478852116453,0.13775850137282875
South Dakota,46,2011,0.31711642512622984,93987.0,11.450911753815769,0.11668083996995673
Tennessee,47,2011,0.19130331666890166,961894.0,13.77665953646661,0.15262463166523096
Texas,48,2011,0.2507834560448203,2906416.0,14.882431264966186,0.11534562640120809
Utah,49,2011,0.272934244006964,246570.0,12.415401207810655,0.08838749548330112
Vermont,50,2011,0.24678456591639872,80300.0,11.293524899934853,0.12948292292782979
Virginia,51,2011,0.22309232661692802,867558.0,13.673437647357828,0.10999619127990745
Washington,53,2011,0.23304198349471664,839747.0,13.640855934976345,0.12502147593013482
West Virginia,54,2011,0.16751705590080987,345931.0,12.75399461218734,0.18939712069904763
Wisconsin,55,2011,0.24914031903715733,637141.0,13.36474626013848,0.11308730484554397
Wyoming,56,2011,,63853.0,11.064338845478296,0.11426153119363243
Puerto Rico,72,2011,0.14731309238768542,766245.0,13.549257240925787,0.20819957074606443
Alabama,1,2012,0.1902158762536121,778043.0,13.564537071556082,0.16408531289845957
Alaska,2,2012,0.29084993790161456,77964.0,11.26400246066853,0.10997170447396558
Arizona,4,2012,0.21255405508463804,755997.0,13.535792686899828,0.11732426973887797
Arkansas,5,2012,0.21586878929085054,474442.0,13.06989465563049,0.16380985789786062
California,6,2012,0.19730867485421802,3821538.0,15.156163517355006,0.10184175715165068
Colorado,8,2012,0.27835034181897805,512538.0,13.14713013358746,0.10060089118911447
Connecticut,9,2012,0.245400628179051,376618.0,12.838986690133094,0.10655122942529308
Delaware,10,2012,0.22557929994319628,108147.0,11.591246691745425,0.11977539414009071
District of Columbia,11,2012,0.23112464559487556,71091.0,11.171716025500638,0.11440825259905373
Florida,12,2012,0.17340180436233663,2460338.0,14.715809296844236,0.12941607179396006
Georgia,13,2012,0.20803783159557573,1168485.0,13.97121859590818,0.12022179121759538
Hawaii,15,2012,0.21871069182389938,146622.0,11.895613125388405,0.10928011161892155
Idaho,16,2012,0.25898824387643443,195294.0,12.182261394426636,0.12394252139708394
Illinois,17,2012,0.21291359443175722,1356613.0,14.120501710228682,0.10683362456491466
Indiana,18,2012,0.22722955117463403,827447.0,13.626100335843804,0.12854260477708895
Iowa,19,2012,0.26992392255076547,342671.0,12.744526082163576,0.11313515562270211
Kansas,20,2012,0.2716226513752985,337784.0,12.730161916929152,0.11955195270360187
Kentucky,21,2012,0.1861747017384893,728473.0,13.498705841473463,0.1696997100671416
Louisiana,22,2012,0.2396199753465019,686272.0,13.439029329579817,0.15254271948332077
Maine,23,2012,0.23034493474207582,208773.0,12.24900281628449,0.15867790831213427
Maryland,24,2012,0.2565091921925587,597983.0,13.301317604435038,0.10331077247556925
Massachusetts,25,2012,0.2140159865328348,752323.0,13.530921031990715,0.11456373838846047
Michigan,26,2012,0.18815279647926783,1355718.0,14.119841761253072,0.13872714900409822
Minnesota,27,2012,0.26728195680528233,544764.0,13.208107952338953,0.10240342510211413
Mississippi,28,2012,0.1890152432723143,481117.0,13.0838657627523,0.16485614573714066
Missouri,29,2012,0.21808680272765738,846015.0,13.648292368927631,0.14317956921314745
Montana,30,2012,0.2565962402262519,127304.0,11.75433320589002,0.12861289341629767
Nebraska,31,2012,0.2847760960450714,193061.0,12.17076148012606,0.10568076320099494
Nevada,32,2012,0.24019443676740745,330999.0,12.7098706332066,0.12151367583651038
New Hampshire,33,2012,0.2559221538199665,153863.0,11.943817875067996,0.11781005891153774
New Jersey,34,2012,0.2150588353905316,895912.0,13.705597472848014,0.1023134474773261
New Mexico,35,2012,0.22622674508808305,303325.0,12.622560116920074,0.1478332492610165
New York,36,2012,0.1938317222665392,2099458.0,14.557189774143248,0.1086860052075072
North Carolina,37,2012,0.20177297715072895,1246427.0,14.035791616251672,0.13048136257948026
North Dakota,38,2012,0.33082217124250723,71901.0,11.183045451818261,0.10499929904085424
Ohio,39,2012,0.2210584159231604,1543263.0,14.249409564001644,0.13571005594029986
Oklahoma,40,2012,0.2430017137119605,569999.0,13.253389885423228,0.15268956442680504
Oregon,41,2012,0.22120805741922941,537043.0,13.193833444773107,0.13911402084522745
Pennsylvania,42,2012,0.21501447261483872,1677908.0,14.333058337331016,0.13359868750803686
Rhode Island,44,2012,0.1986376620522962,129386.0,11.770555463542012,0.12502331154368318
South Carolina,45,2012,0.18481135445307048,648953.0,13.38311557395752,0.14036967267704353
South Dakota,46,2012,0.34575027940841374,98196.0,11.494720760315381,0.12027559175674435
Tennessee,47,2012,0.19417474653194136,961025.0,13.775755702182215,0.15123227492903205
Texas,48,2012,0.251828823789477,2965439.0,14.902535640162322,0.11590764392142289
Utah,49,2012,0.2824084494481274,259045.0,12.464757070763476,0.09156765939637349
Vermont,50,2012,0.247992875029042,83148.0,11.328377431415381,0.13412525325521674
Virginia,51,2012,0.23474850465764416,859088.0,13.663626640422436,0.10774335778192319
Washington,53,2012,0.23539474373069472,812306.0,13.60763239544535,0.11957848857322115
West Virginia,54,2012,0.1674314234232037,346708.0,12.756238206111254,0.18981972196185953
Wisconsin,55,2012,0.24407784127708554,639767.0,13.368859326549014,0.11319132674048603
Wyoming,56,2012,,66426.0,11.103843825087521,0.11713649877795451
Puerto Rico,72,2012,0.1419573451397578,764843.0,13.547425862988199,0.21002003974998915
Alabama,1,2013,0.1875319088390623,757829.0,13.538213045506884,0.15936241491480915
Alaska,2,2013,0.35558959898050485,79255.0,11.280425781231992,0.11127444373308173
Arizona,4,2013,0.2096717008689026,801728.0,13.594524677203864,0.12294129968812613
Arkansas,5,2013,0.19692930575608397,496002.0,13.114335237957,0.1706225013020233
California,6,2013,0.20417559932425042,4019882.0,15.206763106930559,0.10625738784765193
Colorado,8,2013,0.28666133272373984,560237.0,13.23611518746714,0.10829451844016708
Connecticut,9,2013,0.24855786742262742,378244.0,12.843294769000005,0.10680607633854208
Delaware,10,2013,0.24514220019223884,114696.0,11.650040428926104,0.12583186871778668
District of Columbia,11,2013,,68830.0,11.13939497539241,0.10825169502054785
Florida,12,2013,0.18215690732531312,2583910.0,14.764814313556698,0.13426307864842876
Georgia,13,2013,0.21870927676870047,1211831.0,14.00764299694499,0.1236450333525935
Hawaii,15,2013,0.21994609164420484,151099.0,11.925690530105244,0.11232723347566996
Idaho,16,2013,0.23125436183751386,208830.0,12.249275802830821,0.13116045251392439
Illinois,17,2013,0.23159204149603158,1408692.0,14.158172172237455,0.11088032885055321
Indiana,18,2013,0.23309342127434224,898434.0,13.708408526748144,0.13882823452986773
Iowa,19,2013,0.28235237801758567,357730.0,12.787533790894392,0.11747016041853568
Kansas,20,2013,0.2769804945476885,350768.0,12.767880315250947,0.1236521026124066
Kentucky,21,2013,0.1935226345706695,734781.0,13.507327774612643,0.17039980519932282
Louisiana,22,2013,0.22123464562882253,679446.0,13.429033039216737,0.1502231970125428
Maine,23,2013,0.21953604256417383,214235.0,12.274828822340483,0.16301663913388542
Maryland,24,2013,0.2612657548571743,622682.0,13.341791234067284,0.10673257412231903
Massachusetts,25,2013,0.22811423690518834,782204.0,13.569870855072116,0.11827107979945731
Michigan,26,2013,0.20419995569891036,1413802.0,14.161793087345236,0.14449477032487565
Minnesota,27,2013,0.2949268428171651,563442.0,13.241819679036732,0.10506722290585623
Mississippi,28,2013,0.18972446654236585,487416.0,13.096873246881055,0.16662592886461866
Missouri,29,2013,0.22842873077742545,851338.0,13.654564508488983,0.1435481986289255
Montana,30,2013,0.2664705572566751,139813.0,11.84806109444424,0.13989833798617157
Nebraska,31,2013,0.2918459630953249,205354.0,12.23249059813339,0.111565477364357
Nevada,32,2013,0.2587895856840568,357035.0,12.785589095171932,0.12949154706193622
New Hampshire,33,2013,0.27382625627006746,166258.0,12.021296077661107,0.12704465184945188
New Jersey,34,2013,0.22778811536287213,935833.0,13.749192320737782,0.10644563729319587
New Mexico,35,2013,0.23382271864088375,311773.0,12.650030637885845,0.151943564501194
New York,36,2013,0.20681979693559135,2171581.0,14.590966031665893,0.11193676682283965
North Carolina,37,2013,0.20465576258597862,1330804.0,14.101293828832793,0.137974064105701
North Dakota,38,2013,0.34247591845878134,75202.0,11.227933105328951,0.10619036658707308
Ohio,39,2013,0.22572907208379797,1555348.0,14.2572098727695,0.13645440749136406
Oklahoma,40,2013,0.25055966468981816,594417.0,13.295336372245886,0.15765966961377137
Oregon,41,2013,0.2309926631828555,571982.0,13.256862801335322,0.14692229210098298
Pennsylvania,42,2013,0.22198978669673974,1689123.0,14.339720017294692,0.13438400875142956
Rhode Island,44,2013,0.2215120734351817,131583.0,11.787393110197678,0.12700497854342374
South Carolina,45,2013,0.210074294205052,680038.0,13.42990395794387,0.14536559756244066
South Dakota,46,2013,0.32922356224459287,108112.0,11.590923005791955,0.13072176765545518
Tennessee,47,2013,0.21209872986406178,983720.0,13.79909658269602,0.15383499065780676
Texas,48,2013,0.26204574829420785,3047158.0,14.92971991090636,0.11730412977668099
Utah,49,2013,0.28659654234577336,274151.0,12.521434328463696,0.09538297961911661
Vermont,50,2013,0.2419119104240983,85967.0,11.361718780665697,0.13845635984126167
Virginia,51,2013,0.24191170501034825,907656.0,13.718620731174335,0.11269362745432782
Washington,53,2013,0.24148897662921562,894509.0,13.704030243367159,0.13031608142538864
West Virginia,54,2013,0.17316952922561857,368983.0,12.818505851500683,0.20220229819801505
Wisconsin,55,2013,0.26386924406726386,685794.0,13.438332570066299,0.12096698232187376
Wyoming,56,2013,,68449.0,11.13384422140608,0.119413478480836
Puerto Rico,72,2013,0.13825289258801615,754974.0,13.5344385905521,0.21037880356380034
Alabama,1,2014,0.18582226016532483,776448.0,13.562484952168143,0.16286671324707916
Alaska,2,2014,0.3009934132383112,79800.0,11.2872787834379,0.11215095124525502
Arizona,4,2014,0.2037126837399606,846657.0,13.649050932938597,0.12783444666328656
Arkansas,5,2014,0.20240706140626252,493400.0,13.109075483077394,0.16929867662923384
California,6,2014,0.20760909808257708,4050631.0,15.214383229415914,0.10576762316098429
Colorado,8,2014,0.28214723285433424,562052.0,13.23934965128589,0.10673179868978899
Connecticut,9,2014,0.25620855846886925,389252.0,12.871982227769108,0.10991838548864508
Delaware,10,2014,0.23671994872492086,109763.0,11.606078774947706,0.11918712605735507
District of Columbia,11,2014,0.22198996655518394,76007.0,11.238580720290196,0.11730090776367896
Florida,12,2014,0.17941650905313775,2619572.0,14.778521503614154,0.1337652170667164
Georgia,13,2014,0.20243895887148977,1228535.0,14.021332960566028,0.1240082899981205
Hawaii,15,2014,0.23724262595742154,159475.0,11.979642449110155,0.11659489534059089
Idaho,16,2014,0.24897424056646336,204780.0,12.229691511128808,0.1269647198288289
Illinois,17,2014,0.2216407270953315,1381787.0,14.138888146974049,0.10878162878443455
Indiana,18,2014,0.2460254610465186,903089.0,13.713576387896744,0.1389789119131355
Iowa,19,2014,0.2953236755970421,353430.0,12.775440724908275,0.11539064285481081
Kansas,20,2014,0.2754498597361922,366393.0,12.81146180679612,0.12876614791380095
Kentucky,21,2014,0.19600144208445733,761405.0,13.54292068975951,0.17590407261228078
Louisiana,22,2014,0.2244733724763082,672278.0,13.418427224435165,0.14783229380425422
Maine,23,2014,0.23000146852544853,211420.0,12.261601955322654,0.1606539837507105
Maryland,24,2014,0.2541104576825721,623305.0,13.342791244584117,0.10589894708442132
Massachusetts,25,2014,0.23107314586159083,773146.0,13.55822318424989,0.11594265926133429
Michigan,26,2014,0.19970515807139225,1415795.0,14.163201768743734,0.144489209246893
Minnesota,27,2014,0.27983964029233716,580494.0,13.271634744149354,0.10753451467532485
Mississippi,28,2014,0.19128829810320677,481978.0,13.08565374883753,0.16466126061122863
Missouri,29,2014,0.22692635330634145,872419.0,13.67902509207291,0.14661010996190976
Montana,30,2014,0.27796757956482104,132746.0,11.79619280682347,0.1316773069765781
Nebraska,31,2014,0.2984402079722704,212604.0,12.267186559388438,0.11469268764255396
Nevada,32,2014,0.2639376739896503,375321.0,12.835536938793489,0.13377890539120565
New Hampshire,33,2014,0.2639153678989961,160389.0,11.985357393509318,0.12225507481014482
New Jersey,34,2014,0.23643395224364105,929477.0,13.742377341351203,0.10525198310627067
New Mexico,35,2014,0.2095704254869562,301515.0,12.616575045155606,0.14705401808162336
New York,36,2014,0.21164574185169152,2236461.0,14.620405263741898,0.11469296621644769
North Carolina,37,2014,0.21199770749519936,1344569.0,14.1115840735676,0.13787413808732188
North Dakota,38,2014,0.32962497757042886,76946.0,11.250859156109557,0.10621284255249837
Ohio,39,2014,0.23043958396335723,1584921.0,14.276045121780058,0.13877484510948393
Oklahoma,40,2014,0.2566138078251734,610198.0,13.321538773645438,0.16066441879679808
Oregon,41,2014,0.2335829235982418,596693.0,13.299158022253161,0.15177984110115061
Pennsylvania,42,2014,0.22534072591403148,1733512.0,14.365659966494562,0.13776821800209255
Rhode Island,44,2014,0.2275455597338733,145887.0,11.890587628416304,0.14030442714820027
South Carolina,45,2014,0.19757819680595745,701093.0,13.460395824834846,0.14810545230390673
South Dakota,46,2014,0.3289273856530892,101215.0,11.525002246195678,0.1211570942407437
Tennessee,47,2014,0.20819644019992448,1012498.0,13.827931102652238,0.15700717830483707
Texas,48,2014,0.2545319321074011,3101039.0,14.947247774591698,0.11708291049730048
Utah,49,2014,0.29679976558540294,279536.0,12.540886364714225,0.09585286576874899
Vermont,50,2014,0.25541822765309335,91759.0,11.426920853749099,0.14789033174148566
Virginia,51,2014,0.24749308130482187,934299.0,13.747551794460449,0.11513399328936803
Washington,53,2014,0.24971469413101807,907417.0,13.71835738088332,0.13047337337662618
West Virginia,54,2014,0.1831416487780473,362447.0,12.800633535691045,0.19905526911814134
Wisconsin,55,2014,0.258618334963729,677571.0,13.426269623293136,0.11919151761958582
Wyoming,56,2014,0.3187908398777052,71255.0,11.174020271107313,0.12396528867532594
Puerto Rico,72,2014,0.135420815719933,751304.0,13.529565642447963,0.21335662740997566
Alabama,1,2015,0.19284540294514943,796875.0,13.588453107328927,0.1666729414126963
Alaska,2,2015,0.30866366819212965,82744.0,11.32350678305764,0.11603714579809896
Arizona,4,2015,0.20984783148190464,863924.0,13.669240080954262,0.12857247884246015
Arkansas,5,2015,0.21431212699723096,500413.0,13.123189036454066,0.17112191025087312
California,6,2015,0.21036228174353214,4096894.0,15.225739683604607,0.10600088420013226
Colorado,8,2015,0.26858298381113116,553322.0,13.223695389527148,0.1030906399544653
Connecticut,9,2015,0.22787272512765075,389690.0,12.873106830232867,0.1101446784792352
Delaware,10,2015,0.21707183468389338,113995.0,11.643909866765647,0.12241691661216728
District of Columbia,11,2015,0.23769212380296148,75710.0,11.234665531097352,0.11459370771414992
Florida,12,2015,0.1820434932469168,2668707.0,14.797104643417088,0.13370162346821812
Georgia,13,2015,0.21690853276884234,1224270.0,14.017855305963694,0.12213319638278158
Hawaii,15,2015,0.23421061928144982,148078.0,11.905494440943311,0.10768823514866965
Idaho,16,2015,0.2531923126531665,225039.0,12.324028999499404,0.13787067766091773
Illinois,17,2015,0.21987043203953516,1354958.0,14.11928101550558,0.10685906626729318
Indiana,18,2015,0.2375229738471822,898989.0,13.709026077561324,0.1378761023129881
Iowa,19,2015,0.2988053523493371,368036.0,12.815936038453366,0.11947626469325034
Kansas,20,2015,0.2880455688711348,365803.0,12.809850216108115,0.1283447695374188
Kentucky,21,2015,0.19811720364111032,738295.0,13.512098752709548,0.17000785914604954
Louisiana,22,2015,0.2311814794515355,681253.0,13.431689028619619,0.14915452472078944
Maine,23,2015,0.2117602477101273,214706.0,12.277024929447514,0.16329327550159753
Maryland,24,2015,0.2604827891525559,644095.0,13.375601509735095,0.10901118756941246
Massachusetts,25,2015,0.2318466858114048,785118.0,13.573589303939194,0.1168662521639335
Michigan,26,2015,0.20509922937083552,1412960.0,14.16119735270263,0.14402087495413218
Minnesota,27,2015,0.3014983609699297,593675.0,13.294087310563004,0.10929429035249952
Mississippi,28,2015,0.19125623099351036,474312.0,13.06962061198838,0.16201570723549377
Missouri,29,2015,0.23600815145160814,867815.0,13.673733837285733,0.145377452176034
Montana,30,2015,0.27100954567423874,139777.0,11.847803574502905,0.13737864363934432
Nebraska,31,2015,0.31114747855264446,209321.0,12.251624237849088,0.11214698406847512
Nevada,32,2015,0.27333868360668706,383380.0,12.856781943392152,0.13423791673173496
New Hampshire,33,2015,0.26547519605031855,170049.0,12.043841909794704,0.12938872314150515
New Jersey,34,2015,0.22818437394516963,921026.0,13.733243545023562,0.10406585453902444
New Mexico,35,2015,0.20586281974037354,307006.0,12.634622570352295,0.14974602205271934
New York,36,2015,0.2103462089247206,2222954.0,14.6143474999747,0.11366857342016845
North Carolina,37,2015,0.21653752643981686,1369390.0,14.129875943174202,0.13894520198238325
North Dakota,38,2015,0.31222157403479,79278.0,11.280715941642272,0.10705329979056022
Ohio,39,2015,0.23641551363560598,1593312.0,14.281325426588555,0.13925082692938465
Oklahoma,40,2015,0.24464564089960766,597084.0,13.299813085994515,0.15588321525383328
Oregon,41,2015,0.2419656729016552,605375.0,13.31360337970553,0.15167998661031842
Pennsylvania,42,2015,0.23083550357483448,1746764.0,14.373275491267364,0.13863847827244705
Rhode Island,44,2015,0.23270530706169998,139836.0,11.848225586361263,0.1342939569832166
South Carolina,45,2015,0.1931580172213172,712739.0,13.476870573474486,0.14844705632910746
South Dakota,46,2015,0.34173527012279753,100775.0,11.520645587985367,0.11977588745880197
Tennessee,47,2015,0.21080562867976357,1008783.0,13.824255211785859,0.15528577805827934
Texas,48,2015,0.2584674744654324,3126346.0,14.955375468419406,0.11583162701897913
Utah,49,2015,0.3088360664892132,293432.0,12.589401204865078,0.09876529912625467
Vermont,50,2015,0.2709932187055602,91849.0,11.427901203267728,0.14811798608949744
Virginia,51,2015,0.24497215390918262,935187.0,13.74850178827349,0.11457090992888591
Washington,53,2015,0.2414768489165703,908818.0,13.71990013309091,0.1286036758866657
West Virginia,54,2015,0.16845376705116402,351696.0,12.770522445067854,0.19371800132745434
Wisconsin,55,2015,0.2648450486072634,681089.0,13.43144826675396,0.11951036981081752
Wyoming,56,2015,0.3794106676613204,71386.0,11.175857050670414,0.1238142976323243
Puerto Rico,72,2015,0.1247462303842454,737665.0,13.511245070986112,0.21395274775697157
Alabama,1,2016,0.18769920970315646,787132.0,13.57615123887521,0.16458488803727067
Alaska,2,2016,0.36317268529408125,87152.0,11.375408999623456,0.12131082279282702
Arizona,4,2016,0.21105755714496738,896919.0,13.706720835960208,0.13142353924636374
Arkansas,5,2016,0.21422762744849813,498263.0,13.118883329054288,0.1698080477883441
California,6,2016,0.21307931576683076,4206918.0,15.252240871058715,0.10852693420397347
Colorado,8,2016,0.28610026466752864,576167.0,13.264152828211843,0.10576218482458845
Connecticut,9,2016,0.24275151015778407,395136.0,12.886985288421776,0.11209042214893307
Delaware,10,2016,0.22972211183912614,115758.0,11.659257084031028,0.12341793407858753
District of Columbia,11,2016,0.24661700287380375,75783.0,11.235629272070865,0.11294291228566958
Florida,12,2016,0.18858461275877916,2762777.0,14.831746891274507,0.13613441369941057
Georgia,13,2016,0.22871553614324094,1301973.0,14.07939136420844,0.12864344159763055
Hawaii,15,2016,0.23045223297582454,156123.0,11.958399437097627,0.11323681939175909
Idaho,16,2016,0.27620537348630003,224887.0,12.323353332808514,0.1352405213405522
Illinois,17,2016,0.22396040587037963,1388964.0,14.144068703474039,0.11005715513659327
Indiana,18,2016,0.24286811216248483,909610.0,13.720771215201479,0.1391923443828029
Iowa,19,2016,0.2950913614850621,364030.0,12.804991560805153,0.11775430002293431
Kansas,20,2016,0.3021401372696502,365236.0,12.808298998967317,0.128114233519546
Kentucky,21,2016,0.21419507597841847,779163.0,13.565975545583443,0.17893775922174915
Louisiana,22,2016,0.22614564221413933,708833.0,13.471375234751315,0.15486231484786928
Maine,23,2016,0.22564359626194994,208612.0,12.248231346260482,0.15838159417164965
Maryland,24,2016,0.2701576010723878,656120.0,13.394098978026422,0.1108585148182785
Massachusetts,25,2016,0.2502727515724128,786595.0,13.575468782488757,0.11677449745153552
Michigan,26,2016,0.22102441442799614,1423391.0,14.16855261093846,0.144976232160625
Minnesota,27,2016,0.30306055745868,602014.0,13.3080359798345,0.11020976347923767
Mississippi,28,2016,0.20360569120352004,476044.0,13.073265565916314,0.1627963919993653
Missouri,29,2016,0.23616027442250848,874096.0,13.680945488422655,0.14623839694813573
Montana,30,2016,0.2878583425446089,147538.0,11.901841048700488,0.14358789695477417
Nebraska,31,2016,0.316491355395656,222911.0,12.314527867640388,0.11871782554187299
Nevada,32,2016,0.27050356492527505,384606.0,12.859974712639152,0.13235954568965785
New Hampshire,33,2016,0.2917973294218805,168301.0,12.033509321931893,0.12784293111790876
New Jersey,34,2016,0.22788393569979207,927116.0,13.739833971562863,0.10490611794317402
New Mexico,35,2016,0.20489466208006024,308731.0,12.640225626569217,0.1508948431599007
New York,36,2016,0.2124080000990347,2238013.0,14.621098976594956,0.11473697086723215
North Carolina,37,2016,0.2290323733073212,1371586.0,14.13147829246136,0.13773944724904924
North Dakota,38,2016,0.35139163764811987,85328.0,11.354257932840383,0.11507702100916269
Ohio,39,2016,0.23839742181785323,1620871.0,14.298474217045255,0.14168641051874115
Oklahoma,40,2016,0.25717932793955484,620252.0,13.337881126055096,0.16128467739398086
Oregon,41,2016,0.24801465120860047,595176.0,13.296612439107397,0.14679925502293462
Pennsylvania,42,2016,0.23068116805863753,1792479.0,14.399110135906113,0.14249295396879125
Rhode Island,44,2016,0.2046287809349221,143045.0,11.87091454505369,0.13750902419493607
South Carolina,45,2016,0.2240093695100527,736819.0,13.510097550778589,0.15157179685295036
South Dakota,46,2016,0.3441113334923417,103296.0,11.545353932189567,0.12170024058229871
Tennessee,47,2016,0.21669439110144845,1015032.0,13.830430697054652,0.15503976377267215
Texas,48,2016,0.2598410214784962,3222045.0,14.985526809101973,0.11765289907190979
Utah,49,2016,0.31986586639023434,299065.0,12.608416220051106,0.09887207841132888
Vermont,50,2016,0.2874900230057749,90464.0,11.412707260493317,0.1462346958239442
Virginia,51,2016,0.2557223245810099,964585.0,13.77945323600885,0.1176383998392112
Washington,53,2016,0.25454506384860454,936407.0,13.749805490008798,0.1303441901641261
West Virginia,54,2016,0.18116444265080464,361528.0,12.798094772629879,0.20056230763597793
Wisconsin,55,2016,0.2656928153526516,686133.0,13.438826765467219,0.12023328446079254
Wyoming,56,2016,0.30321929118277224,78388.0,11.269426133398945,0.13608389884501942
Puerto Rico,72,2016,0.13102306989424933,721435.0,13.488997563047617,0.21318068831505005
Alabama,1,2017,0.18344769527831042,789315.0,13.578920759696837,0.16466319475157254
Alaska,2,2017,0.3256409361216819,90398.0,11.411977422241726,0.126222810530343
Arizona,4,2017,0.2254240053727842,899817.0,13.70994668829809,0.1302549564490836
Arkansas,5,2017,0.2134872440140781,530640.0,13.181839104199437,0.17992035411732596
California,6,2017,0.221641639597407,4151044.0,15.238870426834454,0.10630935900438537
Colorado,8,2017,0.30158136931562557,603604.0,13.310673632759109,0.10946614750991554
Connecticut,9,2017,0.24943485842217367,391862.0,12.878665015975358,0.1108043439288657
Delaware,10,2017,0.22631312442791204,107763.0,11.587689650340382,0.11376297295670984
District of Columbia,11,2017,0.3326454141926558,91387.0,11.422858515378834,0.13364423931863914
Florida,12,2017,0.1981036845985177,2811478.0,14.849220881679331,0.1359600679036752
Georgia,13,2017,0.23099185686294482,1250959.0,14.039421015131001,0.12214495126442232
Hawaii,15,2017,0.23202939330470165,148859.0,11.910754828169988,0.10840284240774482
Idaho,16,2017,0.2929827088040181,240144.0,12.388994022396096,0.14165506086630295
Illinois,17,2017,0.24007581507988143,1404015.0,14.154846547271505,0.11125205881462673
Indiana,18,2017,0.2561150246113347,915052.0,13.726736173243953,0.1393105266795708
Iowa,19,2017,0.28718718872117077,349036.0,12.762930347727242,0.11251317219283606
Kansas,20,2017,0.3057759161110161,373702.0,12.831213967345795,0.13087305906521346
Kentucky,21,2017,0.21274623698304387,765275.0,13.547990525336434,0.17508247653822748
Louisiana,22,2017,0.2318119282050632,679523.0,13.429146360418445,0.14835910990166928
Maine,23,2017,0.23765798697804302,218672.0,12.295328169204582,0.16545391401196535
Maryland,24,2017,0.275136688130806,660143.0,13.400211757200443,0.11080182837124201
Massachusetts,25,2017,0.24481404603567036,803977.0,13.597325940786742,0.11848243241371241
Michigan,26,2017,0.22166525167882944,1390310.0,14.145037301823992,0.14110301308535053
Minnesota,27,2017,0.30217732735382136,615846.0,13.330752211260448,0.1115824959382693
Mississippi,28,2017,0.1934626719694642,491596.0,13.105412519944412,0.16830822156060926
Missouri,29,2017,0.24725140016241046,894078.0,13.703548298671885,0.14900490406687902
Montana,30,2017,0.2879116486672539,142262.0,11.865425706954323,0.13728606651901817
Nebraska,31,2017,0.32917340983188875,227500.0,12.334905517373143,0.12027790275518345
Nevada,32,2017,0.2579938409185597,362869.0,12.801797166570873,0.1224983424683246
New Hampshire,33,2017,0.27997533586203033,171604.0,12.052944775787635,0.12951088892511486
New Jersey,34,2017,0.23321666713426667,914392.0,13.726014642518079,0.1027126070718653
New Mexico,35,2017,0.2227043682208484,322356.0,12.683411803874057,0.15691760847120262
New York,36,2017,0.21553989263305723,2266407.0,14.633706316092333,0.11558544325585196
North Carolina,37,2017,0.22077421570636876,1343295.0,14.110636108867448,0.13338538490708912
North Dakota,38,2017,0.3631804038021625,75801.0,11.235866764155578,0.10268675398989673
Ohio,39,2017,0.24166378688698145,1613095.0,14.29366525183923,0.14045137525404702
Oklahoma,40,2017,0.26172316264933093,635076.0,13.361499955752516,0.16489903933786548
Oregon,41,2017,0.23886095301246985,572916.0,13.258494388091869,0.13963680819985663
Pennsylvania,42,2017,0.23874671818915913,1774646.0,14.389111524381807,0.1408172936230289
Rhode Island,44,2017,0.27443852360308285,140943.0,11.856110832307946,0.13498852133537526
South Carolina,45,2017,0.21557547491218385,727701.0,13.497645528526895,0.147658808585586
South Dakota,46,2017,0.3295488754139251,98647.0,11.49930310044603,0.11580651447596105
Tennessee,47,2017,0.22471699162066547,1019279.0,13.834606072570095,0.1541430600470136
Texas,48,2017,0.2647111338537537,3172799.0,14.970124721568597,0.11397807458898836
Utah,49,2017,0.3212163448208679,296564.0,12.600018325729335,0.09640225750393815
Vermont,50,2017,0.32155497946186534,89157.0,11.398154139558216,0.14437071293939335
Virginia,51,2017,0.2660125960014562,979039.0,13.794326757287118,0.11857351689090581
Washington,53,2017,0.25932672953841285,942318.0,13.756098076209156,0.129087981991865
West Virginia,54,2017,0.17428141740453387,361488.0,12.797984125009243,0.2022733707640088
Wisconsin,55,2017,0.2654254573408463,677949.0,13.426827342854335,0.11844049306398381
Wyoming,56,2017,0.3079659908436887,82056.0,11.315157219987247,0.14423852723984032
Puerto Rico,72,2017,0.13770154866561657,713475.0,13.477902676742767,0.21555285731592697
Alabama,1,2018,0.1962970678960491,785900.0,13.574584836854266,0.16338558040653675
Alaska,2,2018,0.29992099895058305,89491.0,11.401893340547367,0.1255075150799472
Arizona,4,2018,0.2344224345140773,937404.0,13.750869631583464,0.13268657749498605
Arkansas,5,2018,0.21355875886059333,523554.0,13.168395455835405,0.17684629942952262
California,6,2018,0.2219729460493892,4066171.0,15.218212328360863,0.1040940708682875
Colorado,8,2018,0.308707651128213,600664.0,13.305790988960803,0.10718285970730385
Connecticut,9,2018,0.24556215486904148,381935.0,12.853005716042293,0.10838596055101223
Delaware,10,2018,0.24358143098933116,125799.0,11.742440674091286,0.13211252548017194
District of Columbia,11,2018,0.2594420070042051,80368.0,11.294371365989827,0.11600177247382787
Florida,12,2018,0.19955783933908774,2838702.0,14.858857463408222,0.13520199340760364
Georgia,13,2018,0.24105236676551522,1246077.0,14.035510774172941,0.12056914019389339
Hawaii,15,2018,0.23865370712507028,158361.0,11.97263251592607,0.11571452684558609
Idaho,16,2018,0.26334861944007953,233494.0,12.360911659829465,0.13469636870025914
Illinois,17,2018,0.23746046194801368,1392622.0,14.146698859154109,0.11084305934109037
Indiana,18,2018,0.251448973576593,895068.0,13.704654972024468,0.13577056608535998
Iowa,19,2018,0.28998482817020677,365620.0,12.809349821661076,0.11744831159619779
Kansas,20,2018,0.2927615941628434,390351.0,12.874801613348666,0.13673621799834243
Kentucky,21,2018,0.2130243028242907,762102.0,13.543835683978282,0.17367059507716598
Louisiana,22,2018,0.2240867129041231,701262.0,13.460636847972095,0.15391790921928905
Maine,23,2018,0.23980384775033062,219649.0,12.299786096696089,0.1659871728700231
Maryland,24,2018,0.28487260742001447,676072.0,13.424054858229173,0.11375815572573339
Massachusetts,25,2018,0.24712071412766004,791132.0,13.581220110197728,0.11581841999087661
Michigan,26,2018,0.22954541153672928,1407719.0,14.157481221918975,0.14235878764172102
Minnesota,27,2018,0.30584201503362785,608744.0,13.31915309706753,0.1096132141450067
Mississippi,28,2018,0.19849605052489655,480783.0,13.083171303840931,0.16467015313016217
Missouri,29,2018,0.23710636697901763,873521.0,13.680287449480772,0.145230003215433
Montana,30,2018,0.3004115226337449,140690.0,11.854314167371259,0.1343647780722489
Nebraska,31,2018,0.32764111232958054,224220.0,12.320382991707584,0.11800027892314614
Nevada,32,2018,0.2647699259885689,373391.0,12.830381406960502,0.12452239973187354
New Hampshire,33,2018,0.2955218278352575,174791.0,12.071346253463862,0.13048496172965676
New Jersey,34,2018,0.23135214699613968,901446.0,13.711755419665034,0.10239064387638874
New Mexico,35,2018,0.2047060499880179,326580.0,12.696430220656302,0.15847874381647561
New York,36,2018,0.2138130498498266,2201457.0,14.604629971850011,0.11404955261032741
North Carolina,37,2018,0.22989401397520445,1351169.0,14.116480701642974,0.1326793025849785
North Dakota,38,2018,0.34899602085440007,80979.0,11.301945140781825,0.10887303322295316
Ohio,39,2018,0.24857165378122556,1629506.0,14.30378745936405,0.14148424282027633
Oklahoma,40,2018,0.26733194168660795,628520.0,13.351123128304067,0.16276235044661758
Oregon,41,2018,0.25857050807992793,581461.0,13.27329918076393,0.14007476615701567
Pennsylvania,42,2018,0.24145338006816874,1774575.0,14.389071515602412,0.1407911150399256
Rhode Island,44,2018,0.24758355235756244,146857.0,11.897214603178815,0.14103114445375964
South Carolina,45,2018,0.2156470489230492,717104.0,13.482976157877701,0.14370130494725705
South Dakota,46,2018,0.3516019294237116,104562.0,11.557535475888697,0.12093712916291734
Tennessee,47,2018,0.23098611630564378,1028860.0,13.843961951138176,0.15430313879393814
Texas,48,2018,0.2669024747713312,3221165.0,14.98525365332854,0.11405102914893717
Utah,49,2018,0.3112065855498344,300467.0,12.61309320995536,0.09582522875404272
Vermont,50,2018,0.29719933709298585,90217.0,11.409973158358982,0.14549580205978074
Virginia,51,2018,0.2524046359463585,994464.0,13.809959177525938,0.1197999575474778
Washington,53,2018,0.26146271062204357,934396.0,13.747655610225019,0.12580054469822616
West Virginia,54,2018,0.18195035186760497,338677.0,12.732802129798003,0.19059294921396877
Wisconsin,55,2018,0.25857307065998275,667204.0,13.41085112521254,0.11622408468420667
Wyoming,56,2018,0.3178054282180019,72441.0,11.190527716429953,0.1277601021502342
Puerto Rico,72,2018,0.1324890990872636,675318.0,13.42293897002778,0.2129279412784795
Alabama,1,2019,0.2150663978594369,765018.0,13.547654641943625,0.15863468721915583
Alaska,2,2019,0.30757357614433767,82900.0,11.325390341123386,0.11746002958462506
Arizona,4,2019,0.23752691265243012,946481.0,13.760506175473347,0.13208117217311313
Arkansas,5,2019,0.2227311175754575,519094.0,13.159840263281945,0.17521592549237222
California,6,2019,0.22712276934354045,4124423.0,15.232436689179089,0.10576099579099535
Colorado,8,2019,0.3087028266889784,599748.0,13.304264845973579,0.10588399171709892
Connecticut,9,2019,0.2615816969549132,419252.0,12.946227450097451,0.1192899712681125
Delaware,10,2019,0.25062270002731846,131972.0,11.7903450578555,0.13799146362630677
District of Columbia,11,2019,0.23076402609001598,78413.0,11.269745008919022,0.11256547884794552
Florida,12,2019,0.2060966602340237,2890193.0,14.876833839865716,0.13660842368660245
Georgia,13,2019,0.23805975421997952,1307967.0,14.083984581323218,0.12551970114041555
Hawaii,15,2019,0.21561328596108087,161850.0,11.99442525935439,0.11911990373257085
Idaho,16,2019,0.2971930214468274,241391.0,12.394173304431916,0.13677233582883216
Illinois,17,2019,0.24535396915029573,1430367.0,14.17344161266546,0.11453586002408479
Indiana,18,2019,0.26255589821281533,894735.0,13.704282864028402,0.13492137333637536
Iowa,19,2019,0.28420870567886997,368548.0,12.817326239930617,0.11843129340977931
Kansas,20,2019,0.31041509942400325,384627.0,12.860029312480826,0.13487019392102828
Kentucky,21,2019,0.23172356596103383,785987.0,13.574695531834362,0.17924872106430803
Louisiana,22,2019,0.2416670050242339,719820.0,13.486756459737029,0.1585614876786741
Maine,23,2019,0.2600823248132903,215590.0,12.281133734752053,0.1623879670659517
Maryland,24,2019,0.27258295971396834,663651.0,13.405511687871567,0.11161590798012595
Massachusetts,25,2019,0.26078762636738795,785093.0,13.57355746108495,0.11509992201987723
Michigan,26,2019,0.2369980146314824,1411000.0,14.15980923083495,0.1428211953536854
Minnesota,27,2019,0.301896124720331,604779.0,13.312618381022407,0.10836725303127064
Mississippi,28,2019,0.21303540135499394,488650.0,13.099401765766983,0.1682326261469272
Missouri,29,2019,0.24480570671382326,887896.0,13.696609897998444,0.14747473908613085
Montana,30,2019,0.2849270280866047,142208.0,11.865046053559247,0.13496753178961435
Nebraska,31,2019,0.32469297173271144,228644.0,12.339921487762238,0.12007282806369672
Nevada,32,2019,0.24713328348151456,374515.0,12.833387134541834,0.12305732467333613
New Hampshire,33,2019,0.28930670082940885,176261.0,12.079721130074526,0.1312113043860178
New Jersey,34,2019,0.24530138185530714,903359.0,13.713875317068258,0.10293544558462785
New Mexico,35,2019,0.23476405565517397,328985.0,12.703767436002963,0.15978538241930956
New York,36,2019,0.21661833713184023,2234786.0,14.61965603200482,0.11631754096474106
North Carolina,37,2019,0.23003822747113295,1359525.0,14.12264593199923,0.1322358526774763
North Dakota,38,2019,0.3556974980578813,84947.0,11.34978281158538,0.11414968582531995
Ohio,39,2019,0.2539432418470563,1609967.0,14.29172423985617,0.1398153583111209
Oklahoma,40,2019,0.2687198346781995,622449.0,13.341416976253898,0.1607706569123616
Oregon,41,2019,0.269027728833703,614059.0,13.327846293718027,0.14707992954254873
Pennsylvania,42,2019,0.24746750880602453,1769125.0,14.38599563203614,0.14048327596874996
Rhode Island,44,2019,0.24077777172602144,137218.0,11.829326181003843,0.13146596943912975
South Carolina,45,2019,0.22161667447833114,716810.0,13.482566091438402,0.14198438233198568
South Dakota,46,2019,0.35470233291056535,109690.0,11.60541348440538,0.12647223295149917
Tennessee,47,2019,0.2354677225772699,1039435.0,13.85418785426259,0.15469359599899693
Texas,48,2019,0.2740971664527226,3275637.0,15.00202291195487,0.11487647586688395
Utah,49,2019,0.3400305517437796,296576.0,12.600058788351994,0.09331001757491363
Vermont,50,2019,0.2875935952079254,93271.0,11.443264513224493,0.15090832017396258
Virginia,51,2019,0.2741232822696505,1012352.0,13.827786894439035,0.12191619826941602
Washington,53,2019,0.2647315233649913,948930.0,13.763090313016942,0.12656698214713716
West Virginia,54,2019,0.20418394841209772,348177.0,12.760466250142606,0.1975974602338637
Wisconsin,55,2019,0.2710381980609898,677250.0,13.425795759947341,0.11775385627578935
Wyoming,56,2019,0.3401761603822935,76337.0,11.242913027649124,0.13419318319653903
Puerto Rico,72,2019,0.12895861849136558,684955.0,13.437108421655797,0.21610630983540766
Alabama,1,2021,0.2153826411694767,808071.0,13.602405204929905,0.16299532458332433
Alaska,2,2021,0.3222944380800973,92390.0,11.433774026664791,0.13158082130130996
Arizona,4,2021,0.2678399324467709,972252.0,13.78737030909996,0.13552339242545322
Arkansas,5,2021,0.23415915537875354,517051.0,13.155896794660181,0.1738161247130384
California,6,2021,0.2402425621795574,4324355.0,15.279773554278716,0.11167033800538752
Colorado,8,2021,0.32998484707508674,640346.0,13.369763934250809,0.11203680099910822
Connecticut,9,2021,0.2724659583868895,427014.0,12.964572078558529,0.12003116772723517
Delaware,10,2021,0.2793729140614001,130551.0,11.779519233998359,0.1321414545469268
District of Columbia,11,2021,0.2880076970654938,76754.0,11.24836078135523,0.11629763977338672
Florida,12,2021,0.22718683928731048,2906367.0,14.882414405571986,0.135394709828615
Georgia,13,2021,0.2607913965724842,1374380.0,14.133513278301825,0.1296537814428438
Hawaii,15,2021,0.2269690554365326,166078.0,12.02021283649794,0.12019717553500618
Idaho,16,2021,0.31047172416066726,261220.0,12.473118243131513,0.13900240947442807
Illinois,17,2021,0.26135427012790224,1488000.0,14.212943494375175,0.11908449949577157
Indiana,18,2021,0.271493376670447,920826.0,13.73302637230742,0.13727536663995676
Iowa,19,2021,0.2993881249102773,393816.0,12.883639074123096,0.12497405735371679
Kansas,20,2021,0.3130292492204231,385407.0,12.862055197745045,0.13387802939566318
Kentucky,21,2021,0.22981133106548082,783187.0,13.571126771490711,0.17685584293350723
Louisiana,22,2021,0.23858457292280538,725887.0,13.495149634309701,0.16065421675627595
Maine,23,2021,0.23729932259745415,210457.0,12.257036635703043,0.15507619075689696
Maryland,24,2021,0.29520401730261475,683967.0,13.435664949826796,0.11287891765679786
Massachusetts,25,2021,0.2564989669557436,810146.0,13.604969757319678,0.11713903748727969
Michigan,26,2021,0.23715388500942766,1379813.0,14.137458540705074,0.13867524479246598
Minnesota,27,2021,0.31223119880371064,649222.0,13.383530001910376,0.11486674175568891
Mississippi,28,2021,0.226335171912673,520985.0,13.163476529534092,0.18052548635867186
Missouri,29,2021,0.26774177095676455,897969.0,13.707890825530338,0.1480990305445829
Montana,30,2021,0.28188693229388273,153973.0,11.944532541349274,0.14145481471682028
Nebraska,31,2021,0.34795804035395733,245551.0,12.411259943949426,0.12682174786565367
Nevada,32,2021,0.26554172903455814,405952.0,12.913990204993569,0.13070939158209263
New Hampshire,33,2021,0.3081836175877268,167934.0,12.031326324053955,0.12231903143523502
New Jersey,34,2021,0.24164335280193627,958194.0,13.77280554167079,0.10456477993461114
New Mexico,35,2021,0.22851359604112495,335708.0,12.723997013485487,0.1616058336534564
New York,36,2021,0.22618569436016625,2357404.0,14.67307157155776,0.12028155653274587
North Carolina,37,2021,0.2460770757387028,1399384.0,14.151542697757083,0.1352593071578354
North Dakota,38,2021,0.35188190395183044,96378.0,11.47603323878582,0.12740997303156892
Ohio,39,2021,0.2568105985429805,1652076.0,14.317543236847484,0.14228261280524224
Oklahoma,40,2021,0.2851897028895733,671748.0,13.417638549175203,0.17201055393836845
Oregon,41,2021,0.26762912458137084,635310.0,13.361868347725737,0.15103363577622175
Pennsylvania,42,2021,0.25095979417035597,1767211.0,14.38491315560466,0.13841603911716932
Rhode Island,44,2021,0.2696118672139411,149539.0,11.915312507357546,0.13840590575303718
South Carolina,45,2021,0.23382865276726233,726382.0,13.495831326226515,0.14243309361207826
South Dakota,46,2021,0.3258847418294334,108423.0,11.593795522603072,0.12350900775184968
Tennessee,47,2021,0.2357658606001108,1025259.0,13.840455821562522,0.1491789880420686
Texas,48,2021,0.3064623104614378,3505112.0,15.069733032291225,0.12058786373710938
Utah,49,2021,0.37097796419619794,342378.0,12.743670668849006,0.10345015128743888
Vermont,50,2021,0.2835858284623643,87986.0,11.384932989894951,0.13764415826590826
Virginia,51,2021,0.2826476899090783,1045046.0,13.85957146155099,0.12422156919288538
Washington,53,2021,0.2713875371072086,999618.0,13.815128484983688,0.1312114460104681
West Virginia,54,2021,0.19293361334283823,328858.0,12.703381325634448,0.18728881756058335
Wisconsin,55,2021,0.2856575697655631,693794.0,13.449930365455025,0.11903772488767841
Wyoming,56,2021,0.3184969775300564,79305.0,11.28105645733766,0.13912035169091616
Puerto Rico,72,2021,0.13181517039035096,712517.0,13.476559050489428,0.22005365166075547
Alabama,1,2022,0.24856397722531534,841125.0,13.64249556049062,0.16860858452980532
Alaska,2,2022,0.3470456072082088,92855.0,11.438794415627154,0.13236428224218866
Arizona,4,2022,0.28735020551775814,984914.0,13.800309606697846,0.13581416462720788
Arkansas,5,2022,0.2450624619921858,540349.0,13.199970506077245,0.18064628933080012
California,6,2022,0.2661404445866737,4527224.0,15.32561950608638,0.11744176906751906
Colorado,8,2022,0.35143786843027697,664496.0,13.406784137553737,0.11571821565442658
Connecticut,9,2022,0.27317679130737405,446445.0,13.009071491420222,0.12462746731371133
Delaware,10,2022,0.2896974262784047,139134.0,11.84319277651249,0.13836593071858116
District of Columbia,11,2022,0.3447194961183536,72226.0,11.187555370859908,0.10919756586158673
Florida,12,2022,0.24508878477196716,3015728.0,14.919351818366618,0.13767777545605653
Georgia,13,2022,0.285229624127398,1428789.0,14.172337790306539,0.13330680487588695
Hawaii,15,2022,0.26278862385938545,186103.0,12.134055562865806,0.1344966394449664
Idaho,16,2022,0.32710154246747164,270483.0,12.507964528713337,0.14146962971331378
Illinois,17,2022,0.281802321381939,1522013.0,14.235544358760194,0.12261042617956748
Indiana,18,2022,0.3030732111330998,958855.0,13.77349514326803,0.14231466240796015
Iowa,19,2022,0.3374387385467718,402615.0,12.905736049317916,0.1276790270117022
Kansas,20,2022,0.33377444732205924,395308.0,12.887420486874076,0.13744001679981588
Kentucky,21,2022,0.2556786525521793,801061.0,13.593692377957359,0.18089689120411248
Louisiana,22,2022,0.2610329223820628,753487.0,13.532467044079683,0.16766481056553525
Maine,23,2022,0.2731162488749871,215908.0,12.282607670008165,0.1578244857919367
Maryland,24,2022,0.30751521692080086,724428.0,13.493137656922478,0.11928591270367274
Massachusetts,25,2022,0.2767174591518267,868570.0,13.674603460148841,0.12553180511460774
Michigan,26,2022,0.262513498133785,1424674.0,14.169453573582773,0.1434748661627079
Minnesota,27,2022,0.31924707862622603,658681.0,13.397994629518674,0.11642474002526527
Mississippi,28,2022,0.2537473900400512,533828.0,13.187828968679552,0.18586601079623635
Missouri,29,2022,0.28167257442788357,913707.0,13.725265230115294,0.1504952866199235
Montana,30,2022,0.3304793155671281,159544.0,11.980075025233058,0.14438410240027802
Nebraska,31,2022,0.3360736368746487,244402.0,12.40656968955215,0.12598612720577015
Nevada,32,2022,0.32279627885740375,449327.0,13.015506186731455,0.1431294962195442
New Hampshire,33,2022,0.3029600611946872,181997.0,12.111745482406594,0.131962208880768
New Jersey,34,2022,0.2773741683714334,1030543.0,13.845596405758927,0.11240500237562231
New Mexico,35,2022,0.2657573848042217,355640.0,12.781674262235075,0.17144639455906932
New York,36,2022,0.24209079280358622,2508047.0,14.735014920591254,0.12878259697050265
North Carolina,37,2022,0.26607797363788704,1437936.0,14.178719310014003,0.1371965976400944
North Dakota,38,2022,0.3616911514696744,92708.0,11.43721004772245,0.1215807543913487
Ohio,39,2022,0.27876542335562,1668145.0,14.327222788578231,0.14395806248255155
Oklahoma,40,2022,0.3035110929067229,685933.0,13.438535234299744,0.1745261571820076
Oregon,41,2022,0.2896184131992838,661680.0,13.402537334365787,0.1575627025403914
Pennsylvania,42,2022,0.27657632003589705,1863064.0,14.437733002187441,0.14566746440906272
Rhode Island,44,2022,0.29997471329337044,142098.0,11.864272239390788,0.13195072532133842
South Carolina,45,2022,0.2575152954908935,751476.0,13.529794551537453,0.1449190230660985
South Dakota,46,2022,0.34152852054012756,116972.0,11.669689868899876,0.13165331997726468
Tennessee,47,2022,0.2686735862825274,1042409.0,13.85704493867722,0.1499547363292278
Texas,48,2022,0.32467489240348707,3665403.0,15.11444884633014,0.12408486891646449
Utah,49,2022,0.4005734634417056,355380.0,12.780942918499067,0.10596060452823708
Vermont,50,2022,0.3327319530923412,96215.0,11.47434054965466,0.1502617457630295
Virginia,51,2022,0.29090650456998834,1070154.0,13.88331312131549,0.12669975224883376
Washington,53,2022,0.3017529687868134,1037142.0,13.851979411299043,0.1352727864635131
West Virginia,54,2022,0.19043762149229926,337766.0,12.730108627017215,0.19397101742239517
Wisconsin,55,2022,0.30291054287939284,726125.0,13.495477455294834,0.12451875185095442
Wyoming,56,2022,0.32748515707438625,83652.0,11.334420615274398,0.14656145096747517
Puerto Rico,72,2022,0.1616368625942411,784567.0,13.57288725222483,0.24557571083323657
Alabama,1,2023,0.2568730799425466,839445.0,13.640496238165907,0.16713931332401646
Alaska,2,2023,0.37369903142954397,106126.0,11.572382346419666,0.15110883293109217
Arizona,4,2023,0.28402756716620825,1025348.0,13.840542625128544,0.1400460315069015
Arkansas,5,2023,0.2680124260613596,542146.0,13.2032906168412,0.17993471655468027
California,6,2023,0.2681859338414491,4519739.0,15.32396480677837,0.11740946817609237
Colorado,8,2023,0.3702335661348878,677169.0,13.425676151465629,0.11722857710676599
Connecticut,9,2023,0.3041865638260575,446764.0,13.009785769967712,0.12501017818183954
Delaware,10,2023,0.3157804752949222,146710.0,11.89621312813369,0.1441350277296105
District of Columbia,11,2023,0.3760754353362241,78181.0,11.266781930260281,0.11678253154044017
Florida,12,2023,0.24741489786977616,3050949.0,14.93096324772822,0.13695881789142114
Georgia,13,2023,0.2957747101765476,1459575.0,14.193655855417475,0.13473627249170092
Hawaii,15,2023,0.2548927036270511,194423.0,12.177791476767275,0.14107412626382093
Idaho,16,2023,0.3433495222899027,275986.0,12.528105418775068,0.1424059466786514
Illinois,17,2023,0.2965972148070584,1548129.0,14.252557662993114,0.12506538524643865
Indiana,18,2023,0.29790701654621843,979762.0,13.795064964009326,0.14484350145174357
Iowa,19,2023,0.34724817634734084,418159.0,12.943617021954825,0.13224309055397007
Kansas,20,2023,0.3541503460857434,399935.0,12.899057312885564,0.13902943766314715
Kentucky,21,2023,0.2680536961417144,803313.0,13.596499705275075,0.18083479355497487
Louisiana,22,2023,0.26291290250968935,772189.0,13.556984617696568,0.17244548918649547
Maine,23,2023,0.2790969825351445,217651.0,12.290648141502395,0.15791012550042732
Maryland,24,2023,0.31197580840645756,706219.0,13.467680666674116,0.11601491758595583
Massachusetts,25,2023,0.3021705133478082,890477.0,13.699512553191887,0.12842044540908484
Michigan,26,2023,0.2669944539561292,1461544.0,14.195003969135682,0.14716040323253796
Minnesota,27,2023,0.3503255610459131,667664.0,13.411540331962883,0.11758740674350913
Mississippi,28,2023,0.26211681003652293,507971.0,13.138179638316943,0.17672920964829575
Missouri,29,2023,0.29834210677729467,914021.0,13.725608826102322,0.14997384542481987
Montana,30,2023,0.35022872000670996,166024.0,12.019887635201496,0.14883557480775195
Nebraska,31,2023,0.38347252558996103,247346.0,12.418543445108076,0.1267316038941842
Nevada,32,2023,0.3214458165351693,463462.0,13.046479675729582,0.14694293993044447
New Hampshire,33,2023,0.35134970040593744,190033.0,12.154953020271794,0.13710736383995567
New Jersey,34,2023,0.2931780144419069,1001779.0,13.817287977418024,0.10884007919482294
New Mexico,35,2023,0.278669761139381,366857.0,12.8127274053285,0.17667458400274313
New York,36,2023,0.24916688267179385,2519768.0,14.73967739175744,0.1300699629189045
North Carolina,37,2023,0.279220812742399,1442770.0,14.182075434892656,0.13581302371185805
North Dakota,38,2023,0.36813755257180125,95182.0,11.463546127272155,0.12465915252417037
Ohio,39,2023,0.295815484374349,1706964.0,14.350226911923256,0.14694759645221248
Oklahoma,40,2023,0.3079221007553828,689229.0,13.443328860521996,0.17373640567306664
Oregon,41,2023,0.2979990986782265,642234.0,13.372708002244527,0.1531672241400898
Pennsylvania,42,2023,0.28757048015508924,1884557.0,14.449203337981704,0.14746849751087435
Rhode Island,44,2023,0.29149917809732984,154389.0,11.947230670511557,0.14298759790578633
South Carolina,45,2023,0.2724446933632036,799666.0,13.591949419472675,0.15156056975702653
South Dakota,46,2023,0.371504364037732,115743.0,11.659127494957797,0.1285656207512463
Tennessee,47,2023,0.2805298226467717,1021999.0,13.837271071271728,0.14531025618422289
Texas,48,2023,0.33211015500423785,3802114.0,15.151067785799826,0.12665069001570795
Utah,49,2023,0.39498810897360426,371156.0,12.824377738385657,0.10944096225107117
Vermont,50,2023,0.3016908240591382,91751.0,11.426833665039982,0.14290008472675622
Virginia,51,2023,0.3086290801186944,1083216.0,13.895444952079801,0.12759844589461716
Washington,53,2023,0.3162237513820314,1069089.0,13.882317441920504,0.1389523191472963
West Virginia,54,2023,0.2251078232997333,339113.0,12.734088664152708,0.19532583777805937
Wisconsin,55,2023,0.3152978805939586,741025.0,13.515789641900737,0.1266435115676656
Wyoming,56,2023,0.32608447560960147,86265.0,11.365179232815965,0.1503539893960045
Puerto Rico,72,2023,0.16523278686709145,763503.0,13.54567233290619,0.24004848111374513
Alabama,1,2024,0.261664451432752,846715.0,13.649119435311404,0.16688281356246218
Alaska,2,2024,0.35065753452960197,102558.0,11.538183771184324,0.14533277972783581
Arizona,4,2024,0.2883252342333318,1044012.0,13.858581541611537,0.13969780660907544
Arkansas,5,2024,0.25758768117644293,548661.0,13.215236043429664,0.18090947849061903
California,6,2024,0.26810672837711114,4719489.0,15.367211088989043,0.1210780447883342
Colorado,8,2024,0.3672409574130634,700390.0,13.459392601736226,0.11954244833052081
Connecticut,9,2024,0.2869655830764634,446426.0,13.009028932080737,0.12294948100659575
Delaware,10,2024,0.30261890936353814,145126.0,11.885357609587993,0.13990016908403496
District of Columbia,11,2024,0.33995560759061416,87510.0,11.379508351529877,0.12646337533364452
Florida,12,2024,0.25348064001047627,3164477.0,14.967498355040258,0.13735624313512207
Georgia,13,2024,0.2963027430631885,1440190.0,14.180285607292726,0.13105934120974927
Hawaii,15,2024,0.2585282992434856,183071.0,12.117629334721576,0.13200128633314298
Idaho,16,2024,0.34901422143009697,290887.0,12.580690154588186,0.1473049931990565
Illinois,17,2024,0.29032499860307975,1565351.0,14.263620637959294,0.12485345969126554
Indiana,18,2024,0.3121890218291732,1022119.0,13.837388481323533,0.1496768557110302
Iowa,19,2024,0.33765206005086673,412234.0,12.929346428267815,0.12898629266021516
Kansas,20,2024,0.3312965755251569,399269.0,12.897390654174734,0.13734124812400955
Kentucky,21,2024,0.26944222650154737,822645.0,13.620280037877405,0.1824937990774651
Louisiana,22,2024,0.277229984391061,741254.0,13.516098625569564,0.16453225369682278
Maine,23,2024,0.2849964571687916,230693.0,12.34884310126544,0.16640230474545878
Maryland,24,2024,0.33026677374690017,757952.0,13.538375338081167,0.12289313295187569
Massachusetts,25,2024,0.29379977416435443,888870.0,13.697706272082106,0.1257095709664308
Michigan,26,2024,0.27692226426832683,1453448.0,14.189449222627307,0.14486079112469416
Minnesota,27,2024,0.33526158186497723,701101.0,13.460407235524094,0.12230607771893821
Mississippi,28,2024,0.2634664442700157,527167.0,13.175272665370628,0.1828042935343844
Missouri,29,2024,0.30972478549093746,948947.0,13.763108227771164,0.1544622719885825
Montana,30,2024,0.3256526261382272,166337.0,12.021771129910755,0.14836879685667265
Nebraska,31,2024,0.35932706452074825,246062.0,12.413338815679964,0.1244491604074228
Nevada,32,2024,0.32914134682720764,472688.0,13.06619083037913,0.14640436071208776
New Hampshire,33,2024,0.3371361027763961,198839.0,12.200250731026781,0.14275601478685207
New Jersey,34,2024,0.2871613373115552,1034572.0,13.849498372585867,0.10990073504612163
New Mexico,35,2024,0.2709908870218018,361846.0,12.798973985928905,0.17297555178544197
New York,36,2024,0.25854779345274026,2652359.0,14.79095999065869,0.13486537355804598
North Carolina,37,2024,0.2896538654904226,1514823.0,14.230809158417086,0.13977053547504653
North Dakota,38,2024,0.36538736853697484,97977.0,11.49248803623024,0.12605450692754924
Ohio,39,2024,0.2940750741487423,1709207.0,14.351540078226888,0.1459093559338818
Oklahoma,40,2024,0.3161095062482491,709182.0,13.471867472149434,0.17687687665218343
Oregon,41,2024,0.30405056453943724,673608.0,13.42040361832429,0.15934532935195525
Pennsylvania,42,2024,0.2850789729618973,1870782.0,14.441867083235303,0.14509403631248197
Rhode Island,44,2024,0.3135258748432691,150190.0,11.919656438199626,0.13695294960853652
South Carolina,45,2024,0.27888881149605116,795461.0,13.58667709978822,0.14785572662803084
South Dakota,46,2024,0.37214645651473877,125268.0,11.7382107211963,0.13836661386847285
Tennessee,47,2024,0.28094712982297004,1058522.0,13.872384153469554,0.14843505585936081
Texas,48,2024,0.3311904689068666,3945765.0,15.188153409812577,0.12811211081234183
Utah,49,2024,0.3885183800406352,381033.0,12.850641264531275,0.10959516005260111
Vermont,50,2024,0.30524436851845765,95612.0,11.468053614174691,0.14875248732417592
Virginia,51,2024,0.3035838530775175,1121737.0,13.930388934736087,0.1307321176669125
Washington,53,2024,0.3190818780305121,1083349.0,13.895567727071706,0.13812430752911087
West Virginia,54,2024,0.23447409674413386,341078.0,12.73986646911181,0.19646241168413303
Wisconsin,55,2024,0.31859066437442035,759018.0,13.53978077151158,0.1287110815069455
Wyoming,56,2024,0.3279440311632815,82607.0,11.321849701681062,0.14318821588041156
Puerto Rico,72,2024,0.15783743205801537,743185.0,13.518700283285622,0.23397187873262254
